bench-name,core-freq,memory-freq,problem-size,local-size,num-iters,throughput-metric,kernel-time-mean,kernel-time-stddev,kernel-time-min,kernel-time-throughput,run-time-mean,run-time-stddev,run-time-min,run-time-throughput,kernel-energy-mean,kernel-energy-stddev,kernel-energy-max,kernel-energy-min
MicroBench_LocalMem_int32_4096,,,32768,512,,1.000000,N/A,N/A,N/A,N/A,0.000349,0.000184,0.000251,3988.306286,,,,
MicroBench_LocalMem_fp32_4096,,,32768,512,,1.000000,N/A,N/A,N/A,N/A,0.000268,0.000021,0.000250,3996.387266,,,,
MicroBench_LocalMem_fp64_4096,,,32768,512,,2.000000,N/A,N/A,N/A,N/A,0.035054,0.077511,0.000366,5465.346968,,,,
MicroBench_LocalMem_int32_4096,,,32768,256,,1.000000,N/A,N/A,N/A,N/A,0.000351,0.000200,0.000250,3996.594901,,,,
MicroBench_LocalMem_fp32_4096,,,32768,256,,1.000000,N/A,N/A,N/A,N/A,0.000271,0.000028,0.000251,3982.683293,,,,
MicroBench_LocalMem_fp64_4096,,,32768,256,,2.000000,N/A,N/A,N/A,N/A,0.043370,0.096147,0.000362,5529.107989,,,,
MicroBench_LocalMem_int32_4096,,,524288,512,,16.000000,N/A,N/A,N/A,N/A,0.001740,0.000202,0.001639,9759.846770,,,,
MicroBench_LocalMem_fp32_4096,,,524288,512,,16.000000,N/A,N/A,N/A,N/A,0.001685,0.000056,0.001652,9684.444482,,,,
MicroBench_LocalMem_fp64_4096,,,524288,512,,32.000000,N/A,N/A,N/A,N/A,0.038531,0.080651,0.002322,13783.793446,,,,
MicroBench_LocalMem_int32_4096,,,4096,512,,0.000000,N/A,N/A,N/A,N/A,0.000226,0.000051,0.000197,N/A,,,,
MicroBench_LocalMem_fp32_4096,,,4096,512,,0.000000,N/A,N/A,N/A,N/A,0.000211,0.000028,0.000196,N/A,,,,
MicroBench_LocalMem_fp64_4096,,,4096,512,,0.000000,N/A,N/A,N/A,N/A,0.035905,0.079775,0.000223,N/A,,,,
MicroBench_LocalMem_int32_4096,,,32768,256,,1.000000,N/A,N/A,N/A,N/A,0.000363,0.000217,0.000251,3991.155599,,,,
MicroBench_LocalMem_fp32_4096,,,32768,256,,1.000000,N/A,N/A,N/A,N/A,0.000279,0.000024,0.000258,3880.978162,,,,
MicroBench_LocalMem_fp64_4096,,,32768,256,,2.000000,N/A,N/A,N/A,N/A,0.034931,0.077275,0.000365,5486.291130,,,,
MicroBench_LocalMem_int32_4096,,,4096,128,,0.000000,N/A,N/A,N/A,N/A,0.000220,0.000051,0.000191,N/A,,,,
MicroBench_LocalMem_fp32_4096,,,4096,128,,0.000000,N/A,N/A,N/A,N/A,0.000202,0.000024,0.000190,N/A,,,,
MicroBench_LocalMem_fp64_4096,,,4096,128,,0.000000,N/A,N/A,N/A,N/A,0.034763,0.077238,0.000210,N/A,,,,
MicroBench_LocalMem_int32_4096,,,131072,512,,4.000000,N/A,N/A,N/A,N/A,0.000753,0.000180,0.000662,6045.501467,,,,
MicroBench_LocalMem_fp32_4096,,,131072,512,,4.000000,N/A,N/A,N/A,N/A,0.000668,0.000023,0.000652,6136.644667,,,,
MicroBench_LocalMem_fp64_4096,,,131072,512,,8.000000,N/A,N/A,N/A,N/A,0.035717,0.077749,0.000940,8513.590884,,,,
MicroBench_LocalMem_int32_4096,,,4096,512,,0.000000,N/A,N/A,N/A,N/A,0.000224,0.000047,0.000197,N/A,,,,
MicroBench_LocalMem_fp32_4096,,,4096,512,,0.000000,N/A,N/A,N/A,N/A,0.000208,0.000022,0.000196,N/A,,,,
MicroBench_LocalMem_fp64_4096,,,4096,512,,0.000000,N/A,N/A,N/A,N/A,0.034896,0.077515,0.000223,N/A,,,,
MicroBench_LocalMem_int32_4096,,,65536,256,,2.000000,N/A,N/A,N/A,N/A,0.000453,0.000240,0.000327,6112.263952,,,,
MicroBench_LocalMem_fp32_4096,,,65536,256,,2.000000,N/A,N/A,N/A,N/A,0.000348,0.000034,0.000328,6092.898422,,,,
MicroBench_LocalMem_fp64_4096,,,65536,256,,4.000000,N/A,N/A,N/A,N/A,0.037333,0.082390,0.000482,8293.576003,,,,
MicroBench_LocalMem_int32_4096,,,4194304,256,,128.000000,N/A,N/A,N/A,N/A,0.012879,0.000145,0.012768,10024.756449,,,,
MicroBench_LocalMem_fp32_4096,,,4194304,256,,128.000000,N/A,N/A,N/A,N/A,0.012817,0.000103,0.012716,10066.003888,,,,
MicroBench_LocalMem_fp64_4096,,,4194304,256,,256.000000,N/A,N/A,N/A,N/A,0.049588,0.072002,0.017264,14828.195373,,,,
MicroBench_LocalMem_int32_4096,,,16384,256,,0.000000,N/A,N/A,N/A,N/A,0.000310,0.000234,0.000198,N/A,,,,
MicroBench_LocalMem_fp32_4096,,,16384,256,,0.000000,N/A,N/A,N/A,N/A,0.000218,0.000028,0.000198,N/A,,,,
MicroBench_LocalMem_fp64_4096,,,16384,256,,1.000000,N/A,N/A,N/A,N/A,0.037222,0.082700,0.000225,4442.845020,,,,
MicroBench_LocalMem_int32_4096,,,4096,512,,0.000000,N/A,N/A,N/A,N/A,0.000229,0.000055,0.000196,N/A,,,,
MicroBench_LocalMem_fp32_4096,,,4096,512,,0.000000,N/A,N/A,N/A,N/A,0.000211,0.000031,0.000194,N/A,,,,
MicroBench_LocalMem_fp64_4096,,,4096,512,,0.000000,N/A,N/A,N/A,N/A,0.037212,0.082693,0.000223,N/A,,,,
MicroBench_LocalMem_int32_4096,,,2097152,256,,64.000000,N/A,N/A,N/A,N/A,0.006707,0.000054,0.006653,9620.277139,,,,
MicroBench_LocalMem_fp32_4096,,,2097152,256,,64.000000,N/A,N/A,N/A,N/A,0.006662,0.000050,0.006605,9689.797778,,,,
MicroBench_LocalMem_fp64_4096,,,2097152,256,,128.000000,N/A,N/A,N/A,N/A,0.047523,0.085908,0.009071,14110.786208,,,,
MicroBench_LocalMem_int32_4096,,,262144,256,,8.000000,N/A,N/A,N/A,N/A,0.001093,0.000187,0.001000,8000.056000,,,,
MicroBench_LocalMem_fp32_4096,,,262144,256,,8.000000,N/A,N/A,N/A,N/A,0.001016,0.000020,0.001001,7988.791725,,,,
MicroBench_LocalMem_fp64_4096,,,262144,256,,16.000000,N/A,N/A,N/A,N/A,0.035347,0.075890,0.001404,11396.636425,,,,
MicroBench_LocalMem_int32_4096,,,131072,512,,4.000000,N/A,N/A,N/A,N/A,0.000771,0.000221,0.000657,6084.334967,,,,
MicroBench_LocalMem_fp32_4096,,,131072,512,,4.000000,N/A,N/A,N/A,N/A,0.000670,0.000022,0.000656,6099.318249,,,,
MicroBench_LocalMem_fp64_4096,,,131072,512,,8.000000,N/A,N/A,N/A,N/A,0.039897,0.087089,0.000943,8483.329198,,,,
MicroBench_LocalMem_int32_4096,,,1048576,512,,32.000000,N/A,N/A,N/A,N/A,0.003329,0.000251,0.003197,10007.943805,,,,
MicroBench_LocalMem_fp32_4096,,,1048576,512,,32.000000,N/A,N/A,N/A,N/A,0.003245,0.000037,0.003205,9983.972604,,,,
MicroBench_LocalMem_fp64_4096,,,1048576,512,,64.000000,N/A,N/A,N/A,N/A,0.040420,0.079660,0.004699,13620.348119,,,,
MicroBench_LocalMem_int32_4096,,,16777216,128,,512.000000,N/A,N/A,N/A,N/A,0.050660,0.000419,0.050369,10164.901908,,,,
MicroBench_LocalMem_fp32_4096,,,16777216,128,,512.000000,N/A,N/A,N/A,N/A,0.051150,0.001193,0.050509,10136.839814,,,,
MicroBench_LocalMem_fp64_4096,,,16777216,128,,1024.000000,N/A,N/A,N/A,N/A,0.110244,0.091617,0.067868,15088.116442,,,,
MicroBench_LocalMem_int32_4096,,,131072,128,,4.000000,N/A,N/A,N/A,N/A,0.000782,0.000243,0.000642,6234.035026,,,,
MicroBench_LocalMem_fp32_4096,,,131072,128,,4.000000,N/A,N/A,N/A,N/A,0.000696,0.000036,0.000673,5947.035700,,,,
MicroBench_LocalMem_fp64_4096,,,131072,128,,8.000000,N/A,N/A,N/A,N/A,0.037737,0.082224,0.000950,8422.657369,,,,
MicroBench_LocalMem_int32_4096,,,8192,512,,0.000000,N/A,N/A,N/A,N/A,0.000224,0.000049,0.000196,N/A,,,,
MicroBench_LocalMem_fp32_4096,,,8192,512,,0.000000,N/A,N/A,N/A,N/A,0.000210,0.000026,0.000196,N/A,,,,
MicroBench_LocalMem_fp64_4096,,,8192,512,,0.000000,N/A,N/A,N/A,N/A,0.035213,0.078226,0.000224,N/A,,,,
MicroBench_LocalMem_int32_4096,,,1048576,512,,32.000000,N/A,N/A,N/A,N/A,0.003315,0.000166,0.003225,9922.089890,,,,
MicroBench_LocalMem_fp32_4096,,,1048576,512,,32.000000,N/A,N/A,N/A,N/A,0.003272,0.000046,0.003231,9903.659062,,,,
MicroBench_LocalMem_fp64_4096,,,1048576,512,,64.000000,N/A,N/A,N/A,N/A,0.047186,0.094450,0.004919,13010.861833,,,,
MicroBench_LocalMem_int32_4096,,,131072,128,,4.000000,N/A,N/A,N/A,N/A,0.000759,0.000189,0.000653,6128.164431,,,,
MicroBench_LocalMem_fp32_4096,,,131072,128,,4.000000,N/A,N/A,N/A,N/A,0.000684,0.000027,0.000669,5975.554009,,,,
MicroBench_LocalMem_fp64_4096,,,131072,128,,8.000000,N/A,N/A,N/A,N/A,0.036115,0.078656,0.000935,8560.425368,,,,
MicroBench_LocalMem_int32_4096,,,16384,512,,0.000000,N/A,N/A,N/A,N/A,0.000308,0.000223,0.000196,N/A,,,,
MicroBench_LocalMem_fp32_4096,,,16384,512,,0.000000,N/A,N/A,N/A,N/A,0.000214,0.000026,0.000195,N/A,,,,
MicroBench_LocalMem_fp64_4096,,,16384,512,,1.000000,N/A,N/A,N/A,N/A,0.037611,0.083569,0.000224,4468.195385,,,,
MicroBench_LocalMem_int32_4096,,,131072,256,,4.000000,N/A,N/A,N/A,N/A,0.000769,0.000210,0.000667,5995.536323,,,,
MicroBench_LocalMem_fp32_4096,,,131072,256,,4.000000,N/A,N/A,N/A,N/A,0.000677,0.000021,0.000664,6022.345915,,,,
MicroBench_LocalMem_fp64_4096,,,131072,256,,8.000000,N/A,N/A,N/A,N/A,0.037934,0.082701,0.000940,8506.936875,,,,
MicroBench_LocalMem_int32_4096,,,8388608,256,,256.000000,N/A,N/A,N/A,N/A,0.025632,0.000856,0.024974,10250.532627,,,,
MicroBench_LocalMem_fp32_4096,,,8388608,256,,256.000000,N/A,N/A,N/A,N/A,0.025243,0.000301,0.025023,10230.584180,,,,
MicroBench_LocalMem_fp64_4096,,,8388608,256,,512.000000,N/A,N/A,N/A,N/A,0.068233,0.076540,0.033947,15082.420420,,,,
MicroBench_LocalMem_int32_4096,,,8192,128,,0.000000,N/A,N/A,N/A,N/A,0.000232,0.000066,0.000194,N/A,,,,
MicroBench_LocalMem_fp32_4096,,,8192,128,,0.000000,N/A,N/A,N/A,N/A,0.000209,0.000029,0.000194,N/A,,,,
MicroBench_LocalMem_fp64_4096,,,8192,128,,0.000000,N/A,N/A,N/A,N/A,0.041394,0.092055,0.000213,N/A,,,,
MicroBench_LocalMem_int32_4096,,,32768,128,,1.000000,N/A,N/A,N/A,N/A,0.000343,0.000195,0.000249,4020.165148,,,,
MicroBench_LocalMem_fp32_4096,,,32768,128,,1.000000,N/A,N/A,N/A,N/A,0.000266,0.000024,0.000249,4009.172988,,,,
MicroBench_LocalMem_fp64_4096,,,32768,128,,2.000000,N/A,N/A,N/A,N/A,0.034758,0.076890,0.000362,5523.534399,,,,
MicroBench_LocalMem_int32_4096,,,4096,512,,0.000000,N/A,N/A,N/A,N/A,0.000224,0.000047,0.000196,N/A,,,,
MicroBench_LocalMem_fp32_4096,,,4096,512,,0.000000,N/A,N/A,N/A,N/A,0.000212,0.000024,0.000196,N/A,,,,
MicroBench_LocalMem_fp64_4096,,,4096,512,,0.000000,N/A,N/A,N/A,N/A,0.034841,0.077390,0.000223,N/A,,,,
MicroBench_LocalMem_int32_4096,,,262144,128,,8.000000,N/A,N/A,N/A,N/A,0.001100,0.000201,0.001002,7987.914286,,,,
MicroBench_LocalMem_fp32_4096,,,262144,128,,8.000000,N/A,N/A,N/A,N/A,0.001016,0.000027,0.000998,8019.214037,,,,
MicroBench_LocalMem_fp64_4096,,,262144,128,,16.000000,N/A,N/A,N/A,N/A,0.035569,0.076368,0.001406,11382.091844,,,,
MicroBench_LocalMem_int32_4096,,,4194304,128,,128.000000,N/A,N/A,N/A,N/A,0.012985,0.000041,0.012936,9894.806610,,,,
MicroBench_LocalMem_fp32_4096,,,4194304,128,,128.000000,N/A,N/A,N/A,N/A,0.012961,0.000058,0.012891,9929.160867,,,,
MicroBench_LocalMem_fp64_4096,,,4194304,128,,256.000000,N/A,N/A,N/A,N/A,0.049600,0.071758,0.017340,14763.895608,,,,
MicroBench_LocalMem_int32_4096,,,131072,128,,4.000000,N/A,N/A,N/A,N/A,0.000787,0.000221,0.000668,5990.032586,,,,
MicroBench_LocalMem_fp32_4096,,,131072,128,,4.000000,N/A,N/A,N/A,N/A,0.000686,0.000026,0.000671,5962.966993,,,,
MicroBench_LocalMem_fp64_4096,,,131072,128,,8.000000,N/A,N/A,N/A,N/A,0.037463,0.081647,0.000943,8487.550355,,,,
MicroBench_LocalMem_int32_4096,,,524288,512,,16.000000,N/A,N/A,N/A,N/A,0.001733,0.000196,0.001635,9783.395621,,,,
MicroBench_LocalMem_fp32_4096,,,524288,512,,16.000000,N/A,N/A,N/A,N/A,0.001659,0.000021,0.001642,9744.932483,,,,
MicroBench_LocalMem_fp64_4096,,,524288,512,,32.000000,N/A,N/A,N/A,N/A,0.036248,0.075817,0.002321,13787.594353,,,,
MicroBench_LocalMem_int32_4096,,,262144,128,,8.000000,N/A,N/A,N/A,N/A,0.001099,0.000189,0.001004,7967.786240,,,,
MicroBench_LocalMem_fp32_4096,,,262144,128,,8.000000,N/A,N/A,N/A,N/A,0.001030,0.000026,0.001010,7918.722235,,,,
MicroBench_LocalMem_fp64_4096,,,262144,128,,16.000000,N/A,N/A,N/A,N/A,0.035595,0.076420,0.001402,11409.265322,,,,
MicroBench_LocalMem_int32_4096,,,1048576,128,,32.000000,N/A,N/A,N/A,N/A,0.003406,0.000215,0.003300,9697.272369,,,,
MicroBench_LocalMem_fp32_4096,,,1048576,128,,32.000000,N/A,N/A,N/A,N/A,0.003350,0.000036,0.003303,9687.258954,,,,
MicroBench_LocalMem_fp64_4096,,,1048576,128,,64.000000,N/A,N/A,N/A,N/A,0.040751,0.079992,0.004915,13021.535381,,,,
MicroBench_LocalMem_int32_4096,,,1048576,128,,32.000000,N/A,N/A,N/A,N/A,0.003395,0.000186,0.003285,9742.502611,,,,
MicroBench_LocalMem_fp32_4096,,,1048576,128,,32.000000,N/A,N/A,N/A,N/A,0.003331,0.000029,0.003302,9690.256992,,,,
MicroBench_LocalMem_fp64_4096,,,1048576,128,,64.000000,N/A,N/A,N/A,N/A,0.039136,0.076459,0.004862,13164.203486,,,,
MicroBench_LocalMem_int32_4096,,,16384,256,,0.000000,N/A,N/A,N/A,N/A,0.000293,0.000158,0.000191,N/A,,,,
MicroBench_LocalMem_fp32_4096,,,16384,256,,0.000000,N/A,N/A,N/A,N/A,0.000209,0.000035,0.000191,N/A,,,,
MicroBench_LocalMem_fp64_4096,,,16384,256,,1.000000,N/A,N/A,N/A,N/A,0.019505,0.043119,0.000218,4593.181881,,,,
MicroBench_LocalMem_int32_4096,,,131072,256,,4.000000,N/A,N/A,N/A,N/A,0.000757,0.000191,0.000664,6020.587399,,,,
MicroBench_LocalMem_fp32_4096,,,131072,256,,4.000000,N/A,N/A,N/A,N/A,0.000677,0.000023,0.000662,6045.053786,,,,
MicroBench_LocalMem_fp64_4096,,,131072,256,,8.000000,N/A,N/A,N/A,N/A,0.035762,0.077852,0.000936,8545.812498,,,,
MicroBench_LocalMem_int32_4096,,,16384,256,,0.000000,N/A,N/A,N/A,N/A,0.000292,0.000194,0.000198,N/A,,,,
MicroBench_LocalMem_fp32_4096,,,16384,256,,0.000000,N/A,N/A,N/A,N/A,0.000210,0.000027,0.000196,N/A,,,,
MicroBench_LocalMem_fp64_4096,,,16384,256,,1.000000,N/A,N/A,N/A,N/A,0.035992,0.079970,0.000223,4482.355209,,,,
MicroBench_LocalMem_int32_4096,,,8388608,128,,256.000000,N/A,N/A,N/A,N/A,0.025468,0.000078,0.025362,10093.693527,,,,
MicroBench_LocalMem_fp32_4096,,,8388608,128,,256.000000,N/A,N/A,N/A,N/A,0.025658,0.000352,0.025434,10065.411017,,,,
MicroBench_LocalMem_fp64_4096,,,8388608,128,,512.000000,N/A,N/A,N/A,N/A,0.069006,0.077751,0.034142,14996.350937,,,,
MicroBench_LocalMem_int32_4096,,,65536,128,,2.000000,N/A,N/A,N/A,N/A,0.000422,0.000195,0.000328,6093.418194,,,,
MicroBench_LocalMem_fp32_4096,,,65536,128,,2.000000,N/A,N/A,N/A,N/A,0.000339,0.000023,0.000328,6104.074470,,,,
MicroBench_LocalMem_fp64_4096,,,65536,128,,4.000000,N/A,N/A,N/A,N/A,0.034994,0.077169,0.000475,8426.711834,,,,
MicroBench_LocalMem_int32_4096,,,8388608,256,,256.000000,N/A,N/A,N/A,N/A,0.025169,0.000053,0.025125,10189.044182,,,,
MicroBench_LocalMem_fp32_4096,,,8388608,256,,256.000000,N/A,N/A,N/A,N/A,0.025109,0.000018,0.025090,10203.231634,,,,
MicroBench_LocalMem_fp64_4096,,,8388608,256,,512.000000,N/A,N/A,N/A,N/A,0.069004,0.075409,0.033975,15069.914543,,,,
MicroBench_LocalMem_int32_4096,,,16384,128,,0.000000,N/A,N/A,N/A,N/A,0.000300,0.000215,0.000195,N/A,,,,
MicroBench_LocalMem_fp32_4096,,,16384,128,,0.000000,N/A,N/A,N/A,N/A,0.000209,0.000028,0.000195,N/A,,,,
MicroBench_LocalMem_fp64_4096,,,16384,128,,1.000000,N/A,N/A,N/A,N/A,0.037006,0.082235,0.000222,4511.393524,,,,
MicroBench_LocalMem_int32_4096,,,131072,512,,4.000000,N/A,N/A,N/A,N/A,0.000761,0.000205,0.000662,6039.960378,,,,
MicroBench_LocalMem_fp32_4096,,,131072,512,,4.000000,N/A,N/A,N/A,N/A,0.000682,0.000033,0.000658,6082.345839,,,,
MicroBench_LocalMem_fp64_4096,,,131072,512,,8.000000,N/A,N/A,N/A,N/A,0.037976,0.082780,0.000939,8518.921590,,,,
MicroBench_LocalMem_int32_4096,,,65536,128,,2.000000,N/A,N/A,N/A,N/A,0.000428,0.000205,0.000330,6062.406412,,,,
MicroBench_LocalMem_fp32_4096,,,65536,128,,2.000000,N/A,N/A,N/A,N/A,0.000338,0.000023,0.000327,6121.693138,,,,
MicroBench_LocalMem_fp64_4096,,,65536,128,,4.000000,N/A,N/A,N/A,N/A,0.034869,0.076894,0.000472,8468.081683,,,,
MicroBench_LocalMem_int32_4096,,,1048576,256,,32.000000,N/A,N/A,N/A,N/A,0.003410,0.000219,0.003297,9704.706995,,,,
MicroBench_LocalMem_fp32_4096,,,1048576,256,,32.000000,N/A,N/A,N/A,N/A,0.003330,0.000037,0.003301,9695.397867,,,,
MicroBench_LocalMem_fp64_4096,,,1048576,256,,64.000000,N/A,N/A,N/A,N/A,0.040919,0.080301,0.004961,12901.139775,,,,
MicroBench_LocalMem_int32_4096,,,8192,128,,0.000000,N/A,N/A,N/A,N/A,0.000236,0.000061,0.000196,N/A,,,,
MicroBench_LocalMem_fp32_4096,,,8192,128,,0.000000,N/A,N/A,N/A,N/A,0.000207,0.000027,0.000194,N/A,,,,
MicroBench_LocalMem_fp64_4096,,,8192,128,,0.000000,N/A,N/A,N/A,N/A,0.035233,0.078294,0.000213,N/A,,,,
MicroBench_LocalMem_int32_4096,,,262144,512,,8.000000,N/A,N/A,N/A,N/A,0.001092,0.000218,0.000986,8113.244669,,,,
MicroBench_LocalMem_fp32_4096,,,262144,512,,8.000000,N/A,N/A,N/A,N/A,0.001008,0.000026,0.000995,8040.362620,,,,
MicroBench_LocalMem_fp64_4096,,,262144,512,,16.000000,N/A,N/A,N/A,N/A,0.037882,0.081559,0.001397,11451.080982,,,,
MicroBench_LocalMem_int32_4096,,,32768,512,,1.000000,N/A,N/A,N/A,N/A,0.000343,0.000182,0.000254,3933.229496,,,,
MicroBench_LocalMem_fp32_4096,,,32768,512,,1.000000,N/A,N/A,N/A,N/A,0.000280,0.000016,0.000270,3699.538298,,,,
MicroBench_LocalMem_fp64_4096,,,32768,512,,2.000000,N/A,N/A,N/A,N/A,0.034998,0.077336,0.000394,5082.475877,,,,
MicroBench_LocalMem_int32_4096,,,65536,256,,2.000000,N/A,N/A,N/A,N/A,0.000427,0.000198,0.000328,6094.922320,,,,
MicroBench_LocalMem_fp32_4096,,,65536,256,,2.000000,N/A,N/A,N/A,N/A,0.000347,0.000027,0.000326,6126.437415,,,,
MicroBench_LocalMem_fp64_4096,,,65536,256,,4.000000,N/A,N/A,N/A,N/A,0.035061,0.077297,0.000480,8337.536841,,,,
MicroBench_LocalMem_int32_4096,,,4096,256,,0.000000,N/A,N/A,N/A,N/A,0.000230,0.000063,0.000195,N/A,,,,
MicroBench_LocalMem_fp32_4096,,,4096,256,,0.000000,N/A,N/A,N/A,N/A,0.000209,0.000028,0.000195,N/A,,,,
MicroBench_LocalMem_fp64_4096,,,4096,256,,0.000000,N/A,N/A,N/A,N/A,0.037560,0.083473,0.000222,N/A,,,,
MicroBench_LocalMem_int32_4096,,,1048576,256,,32.000000,N/A,N/A,N/A,N/A,0.003387,0.000183,0.003288,9733.733714,,,,
MicroBench_LocalMem_fp32_4096,,,1048576,256,,32.000000,N/A,N/A,N/A,N/A,0.003327,0.000037,0.003281,9752.898135,,,,
MicroBench_LocalMem_fp64_4096,,,1048576,256,,64.000000,N/A,N/A,N/A,N/A,0.039036,0.076323,0.004846,13208.101271,,,,
MicroBench_LocalMem_int32_4096,,,262144,512,,8.000000,N/A,N/A,N/A,N/A,0.001083,0.000197,0.000989,8092.439941,,,,
MicroBench_LocalMem_fp32_4096,,,262144,512,,8.000000,N/A,N/A,N/A,N/A,0.001007,0.000021,0.000991,8074.267109,,,,
MicroBench_LocalMem_fp64_4096,,,262144,512,,16.000000,N/A,N/A,N/A,N/A,0.036133,0.077654,0.001402,11414.417551,,,,
MicroBench_LocalMem_int32_4096,,,65536,512,,2.000000,N/A,N/A,N/A,N/A,0.000429,0.000189,0.000328,6102.156197,,,,
MicroBench_LocalMem_fp32_4096,,,65536,512,,2.000000,N/A,N/A,N/A,N/A,0.000350,0.000025,0.000329,6072.991282,,,,
MicroBench_LocalMem_fp64_4096,,,65536,512,,4.000000,N/A,N/A,N/A,N/A,0.035405,0.077984,0.000508,7878.978884,,,,
MicroBench_LocalMem_int32_4096,,,16777216,256,,512.000000,N/A,N/A,N/A,N/A,0.049747,0.000074,0.049664,10309.267764,,,,
MicroBench_LocalMem_fp32_4096,,,16777216,256,,512.000000,N/A,N/A,N/A,N/A,0.049805,0.000084,0.049667,10308.553738,,,,
MicroBench_LocalMem_fp64_4096,,,16777216,256,,1024.000000,N/A,N/A,N/A,N/A,0.106154,0.083443,0.067303,15214.771582,,,,
MicroBench_LocalMem_int32_4096,,,8192,512,,0.000000,N/A,N/A,N/A,N/A,0.000223,0.000049,0.000194,N/A,,,,
MicroBench_LocalMem_fp32_4096,,,8192,512,,0.000000,N/A,N/A,N/A,N/A,0.000210,0.000025,0.000195,N/A,,,,
MicroBench_LocalMem_fp64_4096,,,8192,512,,0.000000,N/A,N/A,N/A,N/A,0.034453,0.076523,0.000223,N/A,,,,
MicroBench_LocalMem_int32_4096,,,1048576,128,,32.000000,N/A,N/A,N/A,N/A,0.003427,0.000223,0.003305,9681.731239,,,,
MicroBench_LocalMem_fp32_4096,,,1048576,128,,32.000000,N/A,N/A,N/A,N/A,0.003347,0.000021,0.003327,9618.612978,,,,
MicroBench_LocalMem_fp64_4096,,,1048576,128,,64.000000,N/A,N/A,N/A,N/A,0.041394,0.081366,0.004983,12844.841341,,,,
MicroBench_LocalMem_int32_4096,,,2097152,256,,64.000000,N/A,N/A,N/A,N/A,0.006673,0.000078,0.006584,9721.117837,,,,
MicroBench_LocalMem_fp32_4096,,,2097152,256,,64.000000,N/A,N/A,N/A,N/A,0.006680,0.000028,0.006650,9623.776502,,,,
MicroBench_LocalMem_fp64_4096,,,2097152,256,,128.000000,N/A,N/A,N/A,N/A,0.051316,0.094393,0.009072,14110.083121,,,,
MicroBench_LocalMem_int32_4096,,,16777216,256,,512.000000,N/A,N/A,N/A,N/A,0.050202,0.001200,0.049485,10346.594758,,,,
MicroBench_LocalMem_fp32_4096,,,16777216,256,,512.000000,N/A,N/A,N/A,N/A,0.050331,0.001233,0.049550,10332.999475,,,,
MicroBench_LocalMem_fp64_4096,,,16777216,256,,1024.000000,N/A,N/A,N/A,N/A,0.107701,0.090083,0.067242,15228.648717,,,,
MicroBench_LocalMem_int32_4096,,,8192,512,,0.000000,N/A,N/A,N/A,N/A,0.000225,0.000049,0.000197,N/A,,,,
MicroBench_LocalMem_fp32_4096,,,8192,512,,0.000000,N/A,N/A,N/A,N/A,0.000207,0.000024,0.000194,N/A,,,,
MicroBench_LocalMem_fp64_4096,,,8192,512,,0.000000,N/A,N/A,N/A,N/A,0.034888,0.077500,0.000223,N/A,,,,
MicroBench_LocalMem_int32_4096,,,4194304,128,,128.000000,N/A,N/A,N/A,N/A,0.012996,0.000027,0.012964,9873.157692,,,,
MicroBench_LocalMem_fp32_4096,,,4194304,128,,128.000000,N/A,N/A,N/A,N/A,0.012965,0.000024,0.012934,9896.344298,,,,
MicroBench_LocalMem_fp64_4096,,,4194304,128,,256.000000,N/A,N/A,N/A,N/A,0.048613,0.069430,0.017497,14631.330479,,,,
MicroBench_LocalMem_int32_4096,,,4194304,512,,128.000000,N/A,N/A,N/A,N/A,0.012236,0.000039,0.012196,10494.856250,,,,
MicroBench_LocalMem_fp32_4096,,,4194304,512,,128.000000,N/A,N/A,N/A,N/A,0.012214,0.000057,0.012165,10521.830167,,,,
MicroBench_LocalMem_fp64_4096,,,4194304,512,,256.000000,N/A,N/A,N/A,N/A,0.048464,0.069584,0.017279,14815.649910,,,,
MicroBench_LocalMem_int32_4096,,,131072,512,,4.000000,N/A,N/A,N/A,N/A,0.000758,0.000213,0.000655,6105.192466,,,,
MicroBench_LocalMem_fp32_4096,,,131072,512,,4.000000,N/A,N/A,N/A,N/A,0.000668,0.000023,0.000655,6110.125853,,,,
MicroBench_LocalMem_fp64_4096,,,131072,512,,8.000000,N/A,N/A,N/A,N/A,0.035924,0.078207,0.000936,8550.324538,,,,
MicroBench_LocalMem_int32_4096,,,16384,128,,0.000000,N/A,N/A,N/A,N/A,0.000302,0.000219,0.000195,N/A,,,,
MicroBench_LocalMem_fp32_4096,,,16384,128,,0.000000,N/A,N/A,N/A,N/A,0.000211,0.000029,0.000197,N/A,,,,
MicroBench_LocalMem_fp64_4096,,,16384,128,,1.000000,N/A,N/A,N/A,N/A,0.037337,0.082973,0.000221,4520.100889,,,,
MicroBench_LocalMem_int32_4096,,,16384,128,,0.000000,N/A,N/A,N/A,N/A,0.000286,0.000184,0.000197,N/A,,,,
MicroBench_LocalMem_fp32_4096,,,16384,128,,0.000000,N/A,N/A,N/A,N/A,0.000207,0.000025,0.000195,N/A,,,,
MicroBench_LocalMem_fp64_4096,,,16384,128,,1.000000,N/A,N/A,N/A,N/A,0.034984,0.077718,0.000222,4495.452849,,,,
MicroBench_LocalMem_int32_4096,,,262144,512,,8.000000,N/A,N/A,N/A,N/A,0.001081,0.000192,0.000991,8070.845885,,,,
MicroBench_LocalMem_fp32_4096,,,262144,512,,8.000000,N/A,N/A,N/A,N/A,0.000995,0.000024,0.000982,8149.892829,,,,
MicroBench_LocalMem_fp64_4096,,,262144,512,,16.000000,N/A,N/A,N/A,N/A,0.036417,0.078293,0.001397,11451.859603,,,,
MicroBench_LocalMem_int32_4096,,,8388608,512,,256.000000,N/A,N/A,N/A,N/A,0.023880,0.000495,0.023541,10874.626684,,,,
MicroBench_LocalMem_fp32_4096,,,8388608,512,,256.000000,N/A,N/A,N/A,N/A,0.023895,0.000142,0.023763,10773.250020,,,,
MicroBench_LocalMem_fp64_4096,,,8388608,512,,512.000000,N/A,N/A,N/A,N/A,0.057384,0.052376,0.033921,15094.019231,,,,
MicroBench_LocalMem_int32_4096,,,262144,128,,8.000000,N/A,N/A,N/A,N/A,0.001124,0.000245,0.001010,7917.875792,,,,
MicroBench_LocalMem_fp32_4096,,,262144,128,,8.000000,N/A,N/A,N/A,N/A,0.001027,0.000028,0.001006,7954.927381,,,,
MicroBench_LocalMem_fp64_4096,,,262144,128,,16.000000,N/A,N/A,N/A,N/A,0.039640,0.085466,0.001411,11342.658889,,,,
MicroBench_LocalMem_int32_4096,,,32768,512,,1.000000,N/A,N/A,N/A,N/A,0.000351,0.000187,0.000250,4003.106411,,,,
MicroBench_LocalMem_fp32_4096,,,32768,512,,1.000000,N/A,N/A,N/A,N/A,0.000273,0.000019,0.000255,3921.814702,,,,
MicroBench_LocalMem_fp64_4096,,,32768,512,,2.000000,N/A,N/A,N/A,N/A,0.035039,0.077446,0.000387,5172.690264,,,,
MicroBench_LocalMem_int32_4096,,,2097152,512,,64.000000,N/A,N/A,N/A,N/A,0.006425,0.000093,0.006341,10093.736111,,,,
MicroBench_LocalMem_fp32_4096,,,2097152,512,,64.000000,N/A,N/A,N/A,N/A,0.006414,0.000021,0.006386,10021.208949,,,,
MicroBench_LocalMem_fp64_4096,,,2097152,512,,128.000000,N/A,N/A,N/A,N/A,0.043652,0.077431,0.008999,14223.086670,,,,
MicroBench_LocalMem_int32_4096,,,131072,128,,4.000000,N/A,N/A,N/A,N/A,0.000780,0.000215,0.000668,5984.825475,,,,
MicroBench_LocalMem_fp32_4096,,,131072,128,,4.000000,N/A,N/A,N/A,N/A,0.000685,0.000023,0.000664,6024.940240,,,,
MicroBench_LocalMem_fp64_4096,,,131072,128,,8.000000,N/A,N/A,N/A,N/A,0.037562,0.081871,0.000943,8483.788011,,,,
MicroBench_LocalMem_int32_4096,,,8388608,128,,256.000000,N/A,N/A,N/A,N/A,0.025633,0.000311,0.025407,10075.830464,,,,
MicroBench_LocalMem_fp32_4096,,,8388608,128,,256.000000,N/A,N/A,N/A,N/A,0.025810,0.000423,0.025482,10046.247666,,,,
MicroBench_LocalMem_fp64_4096,,,8388608,128,,512.000000,N/A,N/A,N/A,N/A,0.076724,0.094850,0.034229,14958.237303,,,,
MicroBench_LocalMem_int32_4096,,,8192,128,,0.000000,N/A,N/A,N/A,N/A,0.000228,0.000060,0.000192,N/A,,,,
MicroBench_LocalMem_fp32_4096,,,8192,128,,0.000000,N/A,N/A,N/A,N/A,0.000213,0.000028,0.000194,N/A,,,,
MicroBench_LocalMem_fp64_4096,,,8192,128,,0.000000,N/A,N/A,N/A,N/A,0.037174,0.082619,0.000213,N/A,,,,
MicroBench_LocalMem_int32_4096,,,16777216,128,,512.000000,N/A,N/A,N/A,N/A,0.051615,0.001723,0.050307,10177.505637,,,,
MicroBench_LocalMem_fp32_4096,,,16777216,128,,512.000000,N/A,N/A,N/A,N/A,0.050576,0.000023,0.050549,10128.691755,,,,
MicroBench_LocalMem_fp64_4096,,,16777216,128,,1024.000000,N/A,N/A,N/A,N/A,0.107853,0.089337,0.067843,15093.747131,,,,
MicroBench_LocalMem_int32_4096,,,16777216,128,,512.000000,N/A,N/A,N/A,N/A,0.050438,0.000093,0.050297,10179.441080,,,,
MicroBench_LocalMem_fp32_4096,,,16777216,128,,512.000000,N/A,N/A,N/A,N/A,0.050497,0.000098,0.050368,10165.090399,,,,
MicroBench_LocalMem_fp64_4096,,,16777216,128,,1024.000000,N/A,N/A,N/A,N/A,0.106756,0.083354,0.067740,15116.649828,,,,
MicroBench_LocalMem_int32_4096,,,524288,512,,16.000000,N/A,N/A,N/A,N/A,0.001731,0.000183,0.001638,9765.666723,,,,
MicroBench_LocalMem_fp32_4096,,,524288,512,,16.000000,N/A,N/A,N/A,N/A,0.001670,0.000026,0.001641,9750.829735,,,,
MicroBench_LocalMem_fp64_4096,,,524288,512,,32.000000,N/A,N/A,N/A,N/A,0.036265,0.075875,0.002319,13801.723576,,,,
MicroBench_LocalMem_int32_4096,,,65536,256,,2.000000,N/A,N/A,N/A,N/A,0.000395,0.000153,0.000320,6242.411568,,,,
MicroBench_LocalMem_fp32_4096,,,65536,256,,2.000000,N/A,N/A,N/A,N/A,0.000344,0.000034,0.000320,6249.433645,,,,
MicroBench_LocalMem_fp64_4096,,,65536,256,,4.000000,N/A,N/A,N/A,N/A,0.021706,0.047458,0.000470,8507.832523,,,,
MicroBench_LocalMem_int32_4096,,,32768,128,,1.000000,N/A,N/A,N/A,N/A,0.000355,0.000208,0.000250,3998.320705,,,,
MicroBench_LocalMem_fp32_4096,,,32768,128,,1.000000,N/A,N/A,N/A,N/A,0.000275,0.000034,0.000250,4001.632666,,,,
MicroBench_LocalMem_fp64_4096,,,32768,128,,2.000000,N/A,N/A,N/A,N/A,0.037597,0.083237,0.000359,5570.549618,,,,
MicroBench_LocalMem_int32_4096,,,4096,512,,0.000000,N/A,N/A,N/A,N/A,0.000224,0.000048,0.000196,N/A,,,,
MicroBench_LocalMem_fp32_4096,,,4096,512,,0.000000,N/A,N/A,N/A,N/A,0.000208,0.000024,0.000196,N/A,,,,
MicroBench_LocalMem_fp64_4096,,,4096,512,,0.000000,N/A,N/A,N/A,N/A,0.034468,0.076560,0.000223,N/A,,,,
MicroBench_LocalMem_int32_4096,,,16777216,256,,512.000000,N/A,N/A,N/A,N/A,0.050386,0.001075,0.049817,10277.693441,,,,
MicroBench_LocalMem_fp32_4096,,,16777216,256,,512.000000,N/A,N/A,N/A,N/A,0.050361,0.001208,0.049654,10311.450931,,,,
MicroBench_LocalMem_fp64_4096,,,16777216,256,,1024.000000,N/A,N/A,N/A,N/A,0.111387,0.098138,0.067390,15195.055019,,,,
MicroBench_LocalMem_int32_4096,,,131072,512,,4.000000,N/A,N/A,N/A,N/A,0.000750,0.000190,0.000659,6073.655217,,,,
MicroBench_LocalMem_fp32_4096,,,131072,512,,4.000000,N/A,N/A,N/A,N/A,0.000667,0.000023,0.000654,6118.687236,,,,
MicroBench_LocalMem_fp64_4096,,,131072,512,,8.000000,N/A,N/A,N/A,N/A,0.035378,0.076995,0.000936,8547.848720,,,,
MicroBench_LocalMem_int32_4096,,,262144,512,,8.000000,N/A,N/A,N/A,N/A,0.001072,0.000176,0.000987,8105.246627,,,,
MicroBench_LocalMem_fp32_4096,,,262144,512,,8.000000,N/A,N/A,N/A,N/A,0.000992,0.000022,0.000979,8168.091148,,,,
MicroBench_LocalMem_fp64_4096,,,262144,512,,16.000000,N/A,N/A,N/A,N/A,0.035565,0.076382,0.001399,11434.157831,,,,
MicroBench_LocalMem_int32_4096,,,65536,512,,2.000000,N/A,N/A,N/A,N/A,0.000404,0.000156,0.000325,6162.245769,,,,
MicroBench_LocalMem_fp32_4096,,,65536,512,,2.000000,N/A,N/A,N/A,N/A,0.000337,0.000017,0.000324,6165.456182,,,,
MicroBench_LocalMem_fp64_4096,,,65536,512,,4.000000,N/A,N/A,N/A,N/A,0.021942,0.047911,0.000476,8397.028292,,,,
MicroBench_LocalMem_int32_4096,,,8388608,128,,256.000000,N/A,N/A,N/A,N/A,0.025401,0.000064,0.025337,10103.640859,,,,
MicroBench_LocalMem_fp32_4096,,,8388608,128,,256.000000,N/A,N/A,N/A,N/A,0.025387,0.000061,0.025279,10126.797793,,,,
MicroBench_LocalMem_fp64_4096,,,8388608,128,,512.000000,N/A,N/A,N/A,N/A,0.068371,0.076328,0.034149,14993.065707,,,,
MicroBench_LocalMem_int32_4096,,,8388608,512,,256.000000,N/A,N/A,N/A,N/A,0.023757,0.000131,0.023615,10840.393457,,,,
MicroBench_LocalMem_fp32_4096,,,8388608,512,,256.000000,N/A,N/A,N/A,N/A,0.023876,0.000330,0.023636,10831.085707,,,,
MicroBench_LocalMem_fp64_4096,,,8388608,512,,512.000000,N/A,N/A,N/A,N/A,0.076990,0.096291,0.033776,15158.549845,,,,
MicroBench_LocalMem_int32_4096,,,1048576,256,,32.000000,N/A,N/A,N/A,N/A,0.003385,0.000188,0.003281,9754.589763,,,,
MicroBench_LocalMem_fp32_4096,,,1048576,256,,32.000000,N/A,N/A,N/A,N/A,0.003300,0.000032,0.003269,9787.701692,,,,
MicroBench_LocalMem_fp64_4096,,,1048576,256,,64.000000,N/A,N/A,N/A,N/A,0.038973,0.076175,0.004823,13271.119431,,,,
MicroBench_LocalMem_int32_4096,,,8192,128,,0.000000,N/A,N/A,N/A,N/A,0.000228,0.000055,0.000195,N/A,,,,
MicroBench_LocalMem_fp32_4096,,,8192,128,,0.000000,N/A,N/A,N/A,N/A,0.000212,0.000026,0.000194,N/A,,,,
MicroBench_LocalMem_fp64_4096,,,8192,128,,0.000000,N/A,N/A,N/A,N/A,0.036857,0.081910,0.000213,N/A,,,,
MicroBench_LocalMem_int32_4096,,,8388608,256,,256.000000,N/A,N/A,N/A,N/A,0.025049,0.000093,0.024947,10261.823615,,,,
MicroBench_LocalMem_fp32_4096,,,8388608,256,,256.000000,N/A,N/A,N/A,N/A,0.025165,0.000350,0.024972,10251.441018,,,,
MicroBench_LocalMem_fp64_4096,,,8388608,256,,512.000000,N/A,N/A,N/A,N/A,0.068356,0.076867,0.033893,15106.296399,,,,
MicroBench_LocalMem_int32_4096,,,4194304,512,,128.000000,N/A,N/A,N/A,N/A,0.013534,0.002787,0.012201,10490.917570,,,,
MicroBench_LocalMem_fp32_4096,,,4194304,512,,128.000000,N/A,N/A,N/A,N/A,0.012276,0.000038,0.012238,10459.450142,,,,
MicroBench_LocalMem_fp64_4096,,,4194304,512,,256.000000,N/A,N/A,N/A,N/A,0.052746,0.079080,0.017271,14822.596678,,,,
MicroBench_LocalMem_int32_4096,,,1048576,512,,32.000000,N/A,N/A,N/A,N/A,0.003306,0.000174,0.003206,9980.064821,,,,
MicroBench_LocalMem_fp32_4096,,,1048576,512,,32.000000,N/A,N/A,N/A,N/A,0.003252,0.000042,0.003211,9966.562184,,,,
MicroBench_LocalMem_fp64_4096,,,1048576,512,,64.000000,N/A,N/A,N/A,N/A,0.039089,0.076362,0.004906,13044.141988,,,,
MicroBench_LocalMem_int32_4096,,,8192,128,,0.000000,N/A,N/A,N/A,N/A,0.000224,0.000051,0.000195,N/A,,,,
MicroBench_LocalMem_fp32_4096,,,8192,128,,0.000000,N/A,N/A,N/A,N/A,0.000210,0.000029,0.000194,N/A,,,,
MicroBench_LocalMem_fp64_4096,,,8192,128,,0.000000,N/A,N/A,N/A,N/A,0.035243,0.078308,0.000210,N/A,,,,
MicroBench_LocalMem_int32_4096,,,131072,256,,4.000000,N/A,N/A,N/A,N/A,0.000775,0.000224,0.000659,6069.821153,,,,
MicroBench_LocalMem_fp32_4096,,,131072,256,,4.000000,N/A,N/A,N/A,N/A,0.000679,0.000031,0.000659,6066.369111,,,,
MicroBench_LocalMem_fp64_4096,,,131072,256,,8.000000,N/A,N/A,N/A,N/A,0.038147,0.083176,0.000945,8467.400508,,,,
MicroBench_LocalMem_int32_4096,,,4096,128,,0.000000,N/A,N/A,N/A,N/A,0.000219,0.000050,0.000190,N/A,,,,
MicroBench_LocalMem_fp32_4096,,,4096,128,,0.000000,N/A,N/A,N/A,N/A,0.000205,0.000027,0.000190,N/A,,,,
MicroBench_LocalMem_fp64_4096,,,4096,128,,0.000000,N/A,N/A,N/A,N/A,0.035109,0.077999,0.000211,N/A,,,,
MicroBench_LocalMem_int32_4096,,,16777216,256,,512.000000,N/A,N/A,N/A,N/A,0.050247,0.001182,0.049600,10322.515713,,,,
MicroBench_LocalMem_fp32_4096,,,16777216,256,,512.000000,N/A,N/A,N/A,N/A,0.050332,0.001192,0.049675,10307.062282,,,,
MicroBench_LocalMem_fp64_4096,,,16777216,256,,1024.000000,N/A,N/A,N/A,N/A,0.105974,0.082741,0.067419,15188.542618,,,,
MicroBench_LocalMem_int32_4096,,,4194304,256,,128.000000,N/A,N/A,N/A,N/A,0.012621,0.000074,0.012503,10237.478304,,,,
MicroBench_LocalMem_fp32_4096,,,4194304,256,,128.000000,N/A,N/A,N/A,N/A,0.012614,0.000049,0.012555,10194.839309,,,,
MicroBench_LocalMem_fp64_4096,,,4194304,256,,256.000000,N/A,N/A,N/A,N/A,0.034735,0.038817,0.017227,14860.105458,,,,
MicroBench_LocalMem_int32_4096,,,8192,256,,0.000000,N/A,N/A,N/A,N/A,0.000231,0.000060,0.000197,N/A,,,,
MicroBench_LocalMem_fp32_4096,,,8192,256,,0.000000,N/A,N/A,N/A,N/A,0.000208,0.000026,0.000195,N/A,,,,
MicroBench_LocalMem_fp64_4096,,,8192,256,,0.000000,N/A,N/A,N/A,N/A,0.037920,0.084161,0.000224,N/A,,,,
MicroBench_LocalMem_int32_4096,,,32768,256,,1.000000,N/A,N/A,N/A,N/A,0.000348,0.000205,0.000250,4007.325391,,,,
MicroBench_LocalMem_fp32_4096,,,32768,256,,1.000000,N/A,N/A,N/A,N/A,0.000272,0.000031,0.000254,3941.166270,,,,
MicroBench_LocalMem_fp64_4096,,,32768,256,,2.000000,N/A,N/A,N/A,N/A,0.034984,0.077387,0.000365,5482.456140,,,,
MicroBench_LocalMem_int32_4096,,,4194304,128,,128.000000,N/A,N/A,N/A,N/A,0.013032,0.000073,0.012945,9888.124370,,,,
MicroBench_LocalMem_fp32_4096,,,4194304,128,,128.000000,N/A,N/A,N/A,N/A,0.013054,0.000084,0.012947,9886.237215,,,,
MicroBench_LocalMem_fp64_4096,,,4194304,128,,256.000000,N/A,N/A,N/A,N/A,0.057105,0.087533,0.017518,14613.572058,,,,
MicroBench_LocalMem_int32_4096,,,8192,256,,0.000000,N/A,N/A,N/A,N/A,0.000234,0.000065,0.000196,N/A,,,,
MicroBench_LocalMem_fp32_4096,,,8192,256,,0.000000,N/A,N/A,N/A,N/A,0.000208,0.000026,0.000194,N/A,,,,
MicroBench_LocalMem_fp64_4096,,,8192,256,,0.000000,N/A,N/A,N/A,N/A,0.037266,0.082811,0.000225,N/A,,,,
MicroBench_LocalMem_int32_4096,,,16777216,512,,512.000000,N/A,N/A,N/A,N/A,0.047336,0.001022,0.046725,10957.711942,,,,
MicroBench_LocalMem_fp32_4096,,,16777216,512,,512.000000,N/A,N/A,N/A,N/A,0.046498,0.000147,0.046298,11058.870189,,,,
MicroBench_LocalMem_fp64_4096,,,16777216,512,,1024.000000,N/A,N/A,N/A,N/A,0.113478,0.100658,0.066780,15333.853097,,,,
MicroBench_LocalMem_int32_4096,,,32768,128,,1.000000,N/A,N/A,N/A,N/A,0.000344,0.000193,0.000249,4013.743056,,,,
MicroBench_LocalMem_fp32_4096,,,32768,128,,1.000000,N/A,N/A,N/A,N/A,0.000266,0.000024,0.000249,4020.973397,,,,
MicroBench_LocalMem_fp64_4096,,,32768,128,,2.000000,N/A,N/A,N/A,N/A,0.035091,0.077645,0.000359,5571.682481,,,,
MicroBench_LocalMem_int32_4096,,,8388608,256,,256.000000,N/A,N/A,N/A,N/A,0.025067,0.000070,0.024994,10242.610227,,,,
MicroBench_LocalMem_fp32_4096,,,8388608,256,,256.000000,N/A,N/A,N/A,N/A,0.025072,0.000050,0.025015,10234.059742,,,,
MicroBench_LocalMem_fp64_4096,,,8388608,256,,512.000000,N/A,N/A,N/A,N/A,0.068890,0.077308,0.033960,15076.722703,,,,
MicroBench_LocalMem_int32_4096,,,4096,256,,0.000000,N/A,N/A,N/A,N/A,0.000232,0.000056,0.000196,N/A,,,,
MicroBench_LocalMem_fp32_4096,,,4096,256,,0.000000,N/A,N/A,N/A,N/A,0.000209,0.000026,0.000194,N/A,,,,
MicroBench_LocalMem_fp64_4096,,,4096,256,,0.000000,N/A,N/A,N/A,N/A,0.037643,0.083662,0.000220,N/A,,,,
MicroBench_LocalMem_int32_4096,,,16384,512,,0.000000,N/A,N/A,N/A,N/A,0.000288,0.000191,0.000196,N/A,,,,
MicroBench_LocalMem_fp32_4096,,,16384,512,,0.000000,N/A,N/A,N/A,N/A,0.000212,0.000026,0.000196,N/A,,,,
MicroBench_LocalMem_fp64_4096,,,16384,512,,1.000000,N/A,N/A,N/A,N/A,0.035462,0.078771,0.000223,4479.965594,,,,
MicroBench_LocalMem_int32_4096,,,262144,512,,8.000000,N/A,N/A,N/A,N/A,0.001102,0.000238,0.000989,8085.438832,,,,
MicroBench_LocalMem_fp32_4096,,,262144,512,,8.000000,N/A,N/A,N/A,N/A,0.001015,0.000029,0.000991,8076.011419,,,,
MicroBench_LocalMem_fp64_4096,,,262144,512,,16.000000,N/A,N/A,N/A,N/A,0.037649,0.081021,0.001403,11406.003835,,,,
MicroBench_LocalMem_int32_4096,,,2097152,256,,64.000000,N/A,N/A,N/A,N/A,0.006666,0.000038,0.006626,9659.120579,,,,
MicroBench_LocalMem_fp32_4096,,,2097152,256,,64.000000,N/A,N/A,N/A,N/A,0.006624,0.000060,0.006575,9734.343677,,,,
MicroBench_LocalMem_fp64_4096,,,2097152,256,,128.000000,N/A,N/A,N/A,N/A,0.042960,0.075730,0.009047,14148.772798,,,,
MicroBench_LocalMem_int32_4096,,,262144,256,,8.000000,N/A,N/A,N/A,N/A,0.001086,0.000191,0.000997,8025.521157,,,,
MicroBench_LocalMem_fp32_4096,,,262144,256,,8.000000,N/A,N/A,N/A,N/A,0.001016,0.000022,0.001000,8000.752071,,,,
MicroBench_LocalMem_fp64_4096,,,262144,256,,16.000000,N/A,N/A,N/A,N/A,0.035828,0.076973,0.001399,11432.948615,,,,
MicroBench_LocalMem_int32_4096,,,16384,512,,0.000000,N/A,N/A,N/A,N/A,0.000298,0.000205,0.000196,N/A,,,,
MicroBench_LocalMem_fp32_4096,,,16384,512,,0.000000,N/A,N/A,N/A,N/A,0.000447,0.000536,0.000199,N/A,,,,
MicroBench_LocalMem_fp64_4096,,,16384,512,,1.000000,N/A,N/A,N/A,N/A,0.035106,0.077987,0.000223,4489.136290,,,,
MicroBench_LocalMem_int32_4096,,,524288,128,,16.000000,N/A,N/A,N/A,N/A,0.001810,0.000225,0.001705,9384.466948,,,,
MicroBench_LocalMem_fp32_4096,,,524288,128,,16.000000,N/A,N/A,N/A,N/A,0.001734,0.000029,0.001708,9369.897798,,,,
MicroBench_LocalMem_fp64_4096,,,524288,128,,32.000000,N/A,N/A,N/A,N/A,0.045125,0.095609,0.002357,13574.702862,,,,
MicroBench_LocalMem_int32_4096,,,8388608,512,,256.000000,N/A,N/A,N/A,N/A,0.023756,0.000149,0.023546,10872.269436,,,,
MicroBench_LocalMem_fp32_4096,,,8388608,512,,256.000000,N/A,N/A,N/A,N/A,0.024321,0.000423,0.023573,10859.791774,,,,
MicroBench_LocalMem_fp64_4096,,,8388608,512,,512.000000,N/A,N/A,N/A,N/A,0.071317,0.083528,0.033936,15087.323928,,,,
MicroBench_LocalMem_int32_4096,,,65536,256,,2.000000,N/A,N/A,N/A,N/A,0.000457,0.000234,0.000335,5966.907531,,,,
MicroBench_LocalMem_fp32_4096,,,65536,256,,2.000000,N/A,N/A,N/A,N/A,0.000347,0.000032,0.000327,6123.642465,,,,
MicroBench_LocalMem_fp64_4096,,,65536,256,,4.000000,N/A,N/A,N/A,N/A,0.037700,0.083178,0.000477,8384.390780,,,,
MicroBench_LocalMem_int32_4096,,,524288,128,,16.000000,N/A,N/A,N/A,N/A,0.001807,0.000215,0.001705,9383.569838,,,,
MicroBench_LocalMem_fp32_4096,,,524288,128,,16.000000,N/A,N/A,N/A,N/A,0.001729,0.000023,0.001701,9403.583588,,,,
MicroBench_LocalMem_fp64_4096,,,524288,128,,32.000000,N/A,N/A,N/A,N/A,0.038629,0.081074,0.002350,13617.363159,,,,
MicroBench_LocalMem_int32_4096,,,4194304,128,,128.000000,N/A,N/A,N/A,N/A,0.013000,0.000039,0.012964,9873.284874,,,,
MicroBench_LocalMem_fp32_4096,,,4194304,128,,128.000000,N/A,N/A,N/A,N/A,0.012977,0.000058,0.012904,9919.636222,,,,
MicroBench_LocalMem_fp64_4096,,,4194304,128,,256.000000,N/A,N/A,N/A,N/A,0.052011,0.077042,0.017542,14593.863053,,,,
MicroBench_LocalMem_int32_4096,,,1048576,256,,32.000000,N/A,N/A,N/A,N/A,0.003376,0.000174,0.003287,9735.590489,,,,
MicroBench_LocalMem_fp32_4096,,,1048576,256,,32.000000,N/A,N/A,N/A,N/A,0.003327,0.000030,0.003280,9756.844198,,,,
MicroBench_LocalMem_fp64_4096,,,1048576,256,,64.000000,N/A,N/A,N/A,N/A,0.038812,0.075830,0.004893,13078.998582,,,,
MicroBench_LocalMem_int32_4096,,,2097152,256,,64.000000,N/A,N/A,N/A,N/A,0.006459,0.000073,0.006378,10033.725861,,,,
MicroBench_LocalMem_fp32_4096,,,2097152,256,,64.000000,N/A,N/A,N/A,N/A,0.006521,0.000051,0.006455,9915.132661,,,,
MicroBench_LocalMem_fp64_4096,,,2097152,256,,128.000000,N/A,N/A,N/A,N/A,0.026270,0.038513,0.008886,14404.344350,,,,
MicroBench_LocalMem_int32_4096,,,16777216,512,,512.000000,N/A,N/A,N/A,N/A,0.047224,0.001049,0.046538,11001.663894,,,,
MicroBench_LocalMem_fp32_4096,,,16777216,512,,512.000000,N/A,N/A,N/A,N/A,0.046900,0.000144,0.046712,10960.749982,,,,
MicroBench_LocalMem_fp64_4096,,,16777216,512,,1024.000000,N/A,N/A,N/A,N/A,0.104168,0.083041,0.066949,15295.210330,,,,
MicroBench_LocalMem_int32_4096,,,1048576,256,,32.000000,N/A,N/A,N/A,N/A,0.003406,0.000181,0.003301,9692.813536,,,,
MicroBench_LocalMem_fp32_4096,,,1048576,256,,32.000000,N/A,N/A,N/A,N/A,0.003338,0.000036,0.003300,9697.025528,,,,
MicroBench_LocalMem_fp64_4096,,,1048576,256,,64.000000,N/A,N/A,N/A,N/A,0.046797,0.093504,0.004964,12892.833559,,,,
MicroBench_LocalMem_int32_4096,,,1048576,512,,32.000000,N/A,N/A,N/A,N/A,0.003345,0.000235,0.003206,9979.769137,,,,
MicroBench_LocalMem_fp32_4096,,,1048576,512,,32.000000,N/A,N/A,N/A,N/A,0.003250,0.000043,0.003224,9925.558313,,,,
MicroBench_LocalMem_fp64_4096,,,1048576,512,,64.000000,N/A,N/A,N/A,N/A,0.040257,0.079063,0.004856,13180.081931,,,,
MicroBench_LocalMem_int32_4096,,,16777216,512,,512.000000,N/A,N/A,N/A,N/A,0.046728,0.000171,0.046546,10999.762861,,,,
MicroBench_LocalMem_fp32_4096,,,16777216,512,,512.000000,N/A,N/A,N/A,N/A,0.047206,0.001080,0.046542,11000.853576,,,,
MicroBench_LocalMem_fp64_4096,,,16777216,512,,1024.000000,N/A,N/A,N/A,N/A,0.103230,0.081098,0.066872,15312.769371,,,,
MicroBench_LocalMem_int32_4096,,,8388608,512,,256.000000,N/A,N/A,N/A,N/A,0.023893,0.000251,0.023598,10848.518575,,,,
MicroBench_LocalMem_fp32_4096,,,8388608,512,,256.000000,N/A,N/A,N/A,N/A,0.023737,0.000128,0.023605,10845.250435,,,,
MicroBench_LocalMem_fp64_4096,,,8388608,512,,512.000000,N/A,N/A,N/A,N/A,0.057643,0.052930,0.033947,15082.142296,,,,
MicroBench_LocalMem_int32_4096,,,32768,256,,1.000000,N/A,N/A,N/A,N/A,0.000355,0.000220,0.000250,3993.227486,,,,
MicroBench_LocalMem_fp32_4096,,,32768,256,,1.000000,N/A,N/A,N/A,N/A,0.000264,0.000026,0.000248,4029.901872,,,,
MicroBench_LocalMem_fp64_4096,,,32768,256,,2.000000,N/A,N/A,N/A,N/A,0.036733,0.081292,0.000364,5496.166424,,,,
MicroBench_LocalMem_int32_4096,,,524288,256,,16.000000,N/A,N/A,N/A,N/A,0.001763,0.000176,0.001677,9540.761412,,,,
MicroBench_LocalMem_fp32_4096,,,524288,256,,16.000000,N/A,N/A,N/A,N/A,0.001697,0.000031,0.001676,9545.166835,,,,
MicroBench_LocalMem_fp64_4096,,,524288,256,,32.000000,N/A,N/A,N/A,N/A,0.036338,0.076009,0.002330,13732.673764,,,,
MicroBench_LocalMem_int32_4096,,,16777216,256,,512.000000,N/A,N/A,N/A,N/A,0.050237,0.001163,0.049622,10317.992467,,,,
MicroBench_LocalMem_fp32_4096,,,16777216,256,,512.000000,N/A,N/A,N/A,N/A,0.050366,0.001109,0.049801,10281.013636,,,,
MicroBench_LocalMem_fp64_4096,,,16777216,256,,1024.000000,N/A,N/A,N/A,N/A,0.104966,0.080573,0.067382,15196.834701,,,,
MicroBench_LocalMem_int32_4096,,,4194304,512,,128.000000,N/A,N/A,N/A,N/A,0.012015,0.000114,0.011922,10736.225779,,,,
MicroBench_LocalMem_fp32_4096,,,4194304,512,,128.000000,N/A,N/A,N/A,N/A,0.012103,0.000124,0.011983,10682.071995,,,,
MicroBench_LocalMem_fp64_4096,,,4194304,512,,256.000000,N/A,N/A,N/A,N/A,0.057792,0.090432,0.017327,14774.635160,,,,
MicroBench_LocalMem_int32_4096,,,4194304,256,,128.000000,N/A,N/A,N/A,N/A,0.012784,0.000067,0.012707,10073.054830,,,,
MicroBench_LocalMem_fp32_4096,,,4194304,256,,128.000000,N/A,N/A,N/A,N/A,0.012750,0.000061,0.012661,10109.575956,,,,
MicroBench_LocalMem_fp64_4096,,,4194304,256,,256.000000,N/A,N/A,N/A,N/A,0.048475,0.069633,0.017262,14830.335173,,,,
MicroBench_LocalMem_int32_4096,,,16384,512,,0.000000,N/A,N/A,N/A,N/A,0.000284,0.000184,0.000196,N/A,,,,
MicroBench_LocalMem_fp32_4096,,,16384,512,,0.000000,N/A,N/A,N/A,N/A,0.000209,0.000025,0.000196,N/A,,,,
MicroBench_LocalMem_fp64_4096,,,16384,512,,1.000000,N/A,N/A,N/A,N/A,0.035385,0.078609,0.000224,4472.952059,,,,
MicroBench_LocalMem_int32_4096,,,2097152,512,,64.000000,N/A,N/A,N/A,N/A,0.006422,0.000080,0.006345,10086.100628,,,,
MicroBench_LocalMem_fp32_4096,,,2097152,512,,64.000000,N/A,N/A,N/A,N/A,0.006443,0.000095,0.006303,10153.220022,,,,
MicroBench_LocalMem_fp64_4096,,,2097152,512,,128.000000,N/A,N/A,N/A,N/A,0.041909,0.073513,0.008998,14225.361285,,,,
MicroBench_LocalMem_int32_4096,,,131072,128,,4.000000,N/A,N/A,N/A,N/A,0.000780,0.000221,0.000669,5983.536300,,,,
MicroBench_LocalMem_fp32_4096,,,131072,128,,4.000000,N/A,N/A,N/A,N/A,0.000684,0.000027,0.000660,6058.421357,,,,
MicroBench_LocalMem_fp64_4096,,,131072,128,,8.000000,N/A,N/A,N/A,N/A,0.036356,0.079175,0.000943,8480.640288,,,,
MicroBench_LocalMem_int32_4096,,,524288,256,,16.000000,N/A,N/A,N/A,N/A,0.001773,0.000200,0.001676,9548.100346,,,,
MicroBench_LocalMem_fp32_4096,,,524288,256,,16.000000,N/A,N/A,N/A,N/A,0.001694,0.000018,0.001674,9555.667436,,,,
MicroBench_LocalMem_fp64_4096,,,524288,256,,32.000000,N/A,N/A,N/A,N/A,0.036629,0.076673,0.002328,13745.291164,,,,
MicroBench_LocalMem_int32_4096,,,65536,512,,2.000000,N/A,N/A,N/A,N/A,0.000425,0.000193,0.000329,6075.168054,,,,
MicroBench_LocalMem_fp32_4096,,,65536,512,,2.000000,N/A,N/A,N/A,N/A,0.000353,0.000030,0.000329,6083.798237,,,,
MicroBench_LocalMem_fp64_4096,,,65536,512,,4.000000,N/A,N/A,N/A,N/A,0.035211,0.077544,0.000509,7863.814461,,,,
MicroBench_LocalMem_int32_4096,,,4096,256,,0.000000,N/A,N/A,N/A,N/A,0.000229,0.000055,0.000196,N/A,,,,
MicroBench_LocalMem_fp32_4096,,,4096,256,,0.000000,N/A,N/A,N/A,N/A,0.000207,0.000024,0.000195,N/A,,,,
MicroBench_LocalMem_fp64_4096,,,4096,256,,0.000000,N/A,N/A,N/A,N/A,0.037300,0.082897,0.000219,N/A,,,,
MicroBench_LocalMem_int32_4096,,,16384,512,,0.000000,N/A,N/A,N/A,N/A,0.000292,0.000199,0.000198,N/A,,,,
MicroBench_LocalMem_fp32_4096,,,16384,512,,0.000000,N/A,N/A,N/A,N/A,0.000208,0.000025,0.000195,N/A,,,,
MicroBench_LocalMem_fp64_4096,,,16384,512,,1.000000,N/A,N/A,N/A,N/A,0.034850,0.077411,0.000223,4483.963106,,,,
MicroBench_LocalMem_int32_4096,,,8388608,256,,256.000000,N/A,N/A,N/A,N/A,0.025260,0.000369,0.024962,10255.763930,,,,
MicroBench_LocalMem_fp32_4096,,,8388608,256,,256.000000,N/A,N/A,N/A,N/A,0.025192,0.000086,0.025103,10197.786467,,,,
MicroBench_LocalMem_fp64_4096,,,8388608,256,,512.000000,N/A,N/A,N/A,N/A,0.069111,0.076931,0.033989,15063.805662,,,,
MicroBench_LocalMem_int32_4096,,,4194304,512,,128.000000,N/A,N/A,N/A,N/A,0.012313,0.000098,0.012222,10473.111350,,,,
MicroBench_LocalMem_fp32_4096,,,4194304,512,,128.000000,N/A,N/A,N/A,N/A,0.012234,0.000042,0.012180,10509.422929,,,,
MicroBench_LocalMem_fp64_4096,,,4194304,512,,256.000000,N/A,N/A,N/A,N/A,0.055925,0.086244,0.017207,14877.265754,,,,
MicroBench_LocalMem_int32_4096,,,131072,256,,4.000000,N/A,N/A,N/A,N/A,0.000797,0.000268,0.000666,6002.797304,,,,
MicroBench_LocalMem_fp32_4096,,,131072,256,,4.000000,N/A,N/A,N/A,N/A,0.000680,0.000026,0.000663,6032.927719,,,,
MicroBench_LocalMem_fp64_4096,,,131072,256,,8.000000,N/A,N/A,N/A,N/A,0.037933,0.082688,0.000944,8470.950991,,,,
MicroBench_LocalMem_int32_4096,,,4194304,128,,128.000000,N/A,N/A,N/A,N/A,0.012952,0.000045,0.012900,9922.443699,,,,
MicroBench_LocalMem_fp32_4096,,,4194304,128,,128.000000,N/A,N/A,N/A,N/A,0.012874,0.000022,0.012851,9960.146962,,,,
MicroBench_LocalMem_fp64_4096,,,4194304,128,,256.000000,N/A,N/A,N/A,N/A,0.048465,0.069176,0.017459,14662.944723,,,,
MicroBench_LocalMem_int32_4096,,,8192,512,,0.000000,N/A,N/A,N/A,N/A,0.000236,0.000055,0.000197,N/A,,,,
MicroBench_LocalMem_fp32_4096,,,8192,512,,0.000000,N/A,N/A,N/A,N/A,0.000211,0.000030,0.000196,N/A,,,,
MicroBench_LocalMem_fp64_4096,,,8192,512,,0.000000,N/A,N/A,N/A,N/A,0.037366,0.083036,0.000224,N/A,,,,
MicroBench_LocalMem_int32_4096,,,2097152,128,,64.000000,N/A,N/A,N/A,N/A,0.006781,0.000047,0.006724,9518.579971,,,,
MicroBench_LocalMem_fp32_4096,,,2097152,128,,64.000000,N/A,N/A,N/A,N/A,0.006760,0.000073,0.006677,9584.551620,,,,
MicroBench_LocalMem_fp64_4096,,,2097152,128,,128.000000,N/A,N/A,N/A,N/A,0.044452,0.079019,0.009086,14087.861590,,,,
MicroBench_LocalMem_int32_4096,,,2097152,128,,64.000000,N/A,N/A,N/A,N/A,0.006684,0.000043,0.006633,9648.186420,,,,
MicroBench_LocalMem_fp32_4096,,,2097152,128,,64.000000,N/A,N/A,N/A,N/A,0.006690,0.000050,0.006628,9656.211705,,,,
MicroBench_LocalMem_fp64_4096,,,2097152,128,,128.000000,N/A,N/A,N/A,N/A,0.043019,0.075725,0.009087,14085.398229,,,,
MicroBench_LocalMem_int32_4096,,,65536,128,,2.000000,N/A,N/A,N/A,N/A,0.000428,0.000205,0.000328,6093.473889,,,,
MicroBench_LocalMem_fp32_4096,,,65536,128,,2.000000,N/A,N/A,N/A,N/A,0.000341,0.000028,0.000324,6169.944964,,,,
MicroBench_LocalMem_fp64_4096,,,65536,128,,4.000000,N/A,N/A,N/A,N/A,0.036984,0.081620,0.000475,8423.499880,,,,
MicroBench_LocalMem_int32_4096,,,32768,256,,1.000000,N/A,N/A,N/A,N/A,0.000352,0.000202,0.000253,3957.543474,,,,
MicroBench_LocalMem_fp32_4096,,,32768,256,,1.000000,N/A,N/A,N/A,N/A,0.000267,0.000025,0.000248,4026.397059,,,,
MicroBench_LocalMem_fp64_4096,,,32768,256,,2.000000,N/A,N/A,N/A,N/A,0.035081,0.077610,0.000364,5499.687893,,,,
MicroBench_LocalMem_int32_4096,,,32768,128,,1.000000,N/A,N/A,N/A,N/A,0.000315,0.000150,0.000242,4125.395522,,,,
MicroBench_LocalMem_fp32_4096,,,32768,128,,1.000000,N/A,N/A,N/A,N/A,0.000257,0.000021,0.000242,4135.854550,,,,
MicroBench_LocalMem_fp64_4096,,,32768,128,,2.000000,N/A,N/A,N/A,N/A,0.021700,0.047727,0.000351,5693.188385,,,,
MicroBench_LocalMem_int32_4096,,,4096,128,,0.000000,N/A,N/A,N/A,N/A,0.000218,0.000044,0.000193,N/A,,,,
MicroBench_LocalMem_fp32_4096,,,4096,128,,0.000000,N/A,N/A,N/A,N/A,0.000202,0.000024,0.000189,N/A,,,,
MicroBench_LocalMem_fp64_4096,,,4096,128,,0.000000,N/A,N/A,N/A,N/A,0.034860,0.077457,0.000210,N/A,,,,
MicroBench_LocalMem_int32_4096,,,262144,256,,8.000000,N/A,N/A,N/A,N/A,0.001114,0.000223,0.001002,7982.645728,,,,
MicroBench_LocalMem_fp32_4096,,,262144,256,,8.000000,N/A,N/A,N/A,N/A,0.001028,0.000026,0.001007,7946.875140,,,,
MicroBench_LocalMem_fp64_4096,,,262144,256,,16.000000,N/A,N/A,N/A,N/A,0.037999,0.081792,0.001406,11377.203355,,,,
MicroBench_LocalMem_int32_4096,,,4194304,512,,128.000000,N/A,N/A,N/A,N/A,0.012231,0.000098,0.012139,10544.537201,,,,
MicroBench_LocalMem_fp32_4096,,,4194304,512,,128.000000,N/A,N/A,N/A,N/A,0.012168,0.000043,0.012108,10571.942066,,,,
MicroBench_LocalMem_fp64_4096,,,4194304,512,,256.000000,N/A,N/A,N/A,N/A,0.053281,0.080439,0.017235,14853.094195,,,,
MicroBench_LocalMem_int32_4096,,,4096,256,,0.000000,N/A,N/A,N/A,N/A,0.000227,0.000056,0.000195,N/A,,,,
MicroBench_LocalMem_fp32_4096,,,4096,256,,0.000000,N/A,N/A,N/A,N/A,0.000213,0.000034,0.000196,N/A,,,,
MicroBench_LocalMem_fp64_4096,,,4096,256,,0.000000,N/A,N/A,N/A,N/A,0.037259,0.082802,0.000221,N/A,,,,
MicroBench_LocalMem_int32_4096,,,16384,128,,0.000000,N/A,N/A,N/A,N/A,0.000297,0.000209,0.000196,N/A,,,,
MicroBench_LocalMem_fp32_4096,,,16384,128,,0.000000,N/A,N/A,N/A,N/A,0.000212,0.000024,0.000195,N/A,,,,
MicroBench_LocalMem_fp64_4096,,,16384,128,,1.000000,N/A,N/A,N/A,N/A,0.037233,0.082740,0.000224,4457.221814,,,,
MicroBench_LocalMem_int32_4096,,,4096,256,,0.000000,N/A,N/A,N/A,N/A,0.000226,0.000051,0.000196,N/A,,,,
MicroBench_LocalMem_fp32_4096,,,4096,256,,0.000000,N/A,N/A,N/A,N/A,0.000208,0.000028,0.000195,N/A,,,,
MicroBench_LocalMem_fp64_4096,,,4096,256,,0.000000,N/A,N/A,N/A,N/A,0.034982,0.077715,0.000220,N/A,,,,
MicroBench_LocalMem_int32_4096,,,65536,256,,2.000000,N/A,N/A,N/A,N/A,0.000429,0.000202,0.000328,6104.819755,,,,
MicroBench_LocalMem_fp32_4096,,,65536,256,,2.000000,N/A,N/A,N/A,N/A,0.000343,0.000027,0.000326,6129.422762,,,,
MicroBench_LocalMem_fp64_4096,,,65536,256,,4.000000,N/A,N/A,N/A,N/A,0.035211,0.077630,0.000475,8423.499880,,,,
MicroBench_LocalMem_int32_4096,,,8388608,512,,256.000000,N/A,N/A,N/A,N/A,0.023657,0.000093,0.023555,10868.353418,,,,
MicroBench_LocalMem_fp32_4096,,,8388608,512,,256.000000,N/A,N/A,N/A,N/A,0.023596,0.000085,0.023501,10893.290686,,,,
MicroBench_LocalMem_fp64_4096,,,8388608,512,,512.000000,N/A,N/A,N/A,N/A,0.069090,0.077228,0.033819,15139.604004,,,,
MicroBench_LocalMem_int32_4096,,,16777216,128,,512.000000,N/A,N/A,N/A,N/A,0.050961,0.001209,0.050359,10167.052214,,,,
MicroBench_LocalMem_fp32_4096,,,16777216,128,,512.000000,N/A,N/A,N/A,N/A,0.050482,0.000067,0.050390,10160.836315,,,,
MicroBench_LocalMem_fp64_4096,,,16777216,128,,1024.000000,N/A,N/A,N/A,N/A,0.107851,0.089273,0.067794,15104.538526,,,,
MicroBench_LocalMem_int32_4096,,,262144,128,,8.000000,N/A,N/A,N/A,N/A,0.001117,0.000221,0.001009,7925.468891,,,,
MicroBench_LocalMem_fp32_4096,,,262144,128,,8.000000,N/A,N/A,N/A,N/A,0.001026,0.000025,0.001010,7918.761427,,,,
MicroBench_LocalMem_fp64_4096,,,262144,128,,16.000000,N/A,N/A,N/A,N/A,0.038381,0.082535,0.001415,11305.471000,,,,
MicroBench_LocalMem_int32_4096,,,1048576,128,,32.000000,N/A,N/A,N/A,N/A,0.003405,0.000194,0.003299,9698.885962,,,,
MicroBench_LocalMem_fp32_4096,,,1048576,128,,32.000000,N/A,N/A,N/A,N/A,0.003333,0.000033,0.003297,9704.780575,,,,
MicroBench_LocalMem_fp64_4096,,,1048576,128,,64.000000,N/A,N/A,N/A,N/A,0.038811,0.075783,0.004880,13115.581885,,,,
MicroBench_LocalMem_int32_4096,,,65536,128,,2.000000,N/A,N/A,N/A,N/A,0.000423,0.000202,0.000326,6126.625087,,,,
MicroBench_LocalMem_fp32_4096,,,65536,128,,2.000000,N/A,N/A,N/A,N/A,0.000338,0.000024,0.000325,6147.679558,,,,
MicroBench_LocalMem_fp64_4096,,,65536,128,,4.000000,N/A,N/A,N/A,N/A,0.035186,0.077598,0.000473,8449.353519,,,,
MicroBench_LocalMem_int32_4096,,,262144,256,,8.000000,N/A,N/A,N/A,N/A,0.001087,0.000181,0.000989,8087.727581,,,,
MicroBench_LocalMem_fp32_4096,,,262144,256,,8.000000,N/A,N/A,N/A,N/A,0.001017,0.000024,0.001000,8001.800405,,,,
MicroBench_LocalMem_fp64_4096,,,262144,256,,16.000000,N/A,N/A,N/A,N/A,0.035768,0.076825,0.001402,11412.325169,,,,
MicroBench_LocalMem_int32_4096,,,2097152,512,,64.000000,N/A,N/A,N/A,N/A,0.006484,0.000064,0.006400,9999.487526,,,,
MicroBench_LocalMem_fp32_4096,,,2097152,512,,64.000000,N/A,N/A,N/A,N/A,0.006424,0.000049,0.006342,10091.286726,,,,
MicroBench_LocalMem_fp64_4096,,,2097152,512,,128.000000,N/A,N/A,N/A,N/A,0.045206,0.077821,0.008989,14239.141487,,,,
MicroBench_LocalMem_int32_4096,,,8388608,128,,256.000000,N/A,N/A,N/A,N/A,0.025390,0.000042,0.025325,10108.550432,,,,
MicroBench_LocalMem_fp32_4096,,,8388608,128,,256.000000,N/A,N/A,N/A,N/A,0.025443,0.000051,0.025376,10088.129267,,,,
MicroBench_LocalMem_fp64_4096,,,8388608,128,,512.000000,N/A,N/A,N/A,N/A,0.068824,0.075661,0.034133,15000.165383,,,,
MicroBench_LocalMem_int32_4096,,,524288,256,,16.000000,N/A,N/A,N/A,N/A,0.001772,0.000196,0.001672,9567.260833,,,,
MicroBench_LocalMem_fp32_4096,,,524288,256,,16.000000,N/A,N/A,N/A,N/A,0.001697,0.000019,0.001675,9551.976483,,,,
MicroBench_LocalMem_fp64_4096,,,524288,256,,32.000000,N/A,N/A,N/A,N/A,0.036146,0.075561,0.002328,13743.455216,,,,
MicroBench_LocalMem_int32_4096,,,65536,512,,2.000000,N/A,N/A,N/A,N/A,0.000398,0.000152,0.000322,6215.252852,,,,
MicroBench_LocalMem_fp32_4096,,,65536,512,,2.000000,N/A,N/A,N/A,N/A,0.000337,0.000021,0.000321,6230.122017,,,,
MicroBench_LocalMem_fp64_4096,,,65536,512,,4.000000,N/A,N/A,N/A,N/A,0.021849,0.047753,0.000480,8338.075614,,,,
MicroBench_LocalMem_int32_4096,,,524288,128,,16.000000,N/A,N/A,N/A,N/A,0.001812,0.000214,0.001708,9370.205090,,,,
MicroBench_LocalMem_fp32_4096,,,524288,128,,16.000000,N/A,N/A,N/A,N/A,0.001729,0.000017,0.001705,9382.705914,,,,
MicroBench_LocalMem_fp64_4096,,,524288,128,,32.000000,N/A,N/A,N/A,N/A,0.038249,0.080222,0.002344,13649.390661,,,,
MicroBench_LocalMem_int32_4096,,,16384,256,,0.000000,N/A,N/A,N/A,N/A,0.000259,0.000139,0.000192,N/A,,,,
MicroBench_LocalMem_fp32_4096,,,16384,256,,0.000000,N/A,N/A,N/A,N/A,0.000202,0.000020,0.000192,N/A,,,,
MicroBench_LocalMem_fp64_4096,,,16384,256,,1.000000,N/A,N/A,N/A,N/A,0.021653,0.047924,0.000216,4630.272723,,,,
MicroBench_LocalMem_int32_4096,,,8192,256,,0.000000,N/A,N/A,N/A,N/A,0.000224,0.000046,0.000196,N/A,,,,
MicroBench_LocalMem_fp32_4096,,,8192,256,,0.000000,N/A,N/A,N/A,N/A,0.000208,0.000023,0.000196,N/A,,,,
MicroBench_LocalMem_fp64_4096,,,8192,256,,0.000000,N/A,N/A,N/A,N/A,0.034936,0.077616,0.000219,N/A,,,,
MicroBench_LocalMem_int32_4096,,,524288,256,,16.000000,N/A,N/A,N/A,N/A,0.001769,0.000197,0.001680,9526.366900,,,,
MicroBench_LocalMem_fp32_4096,,,524288,256,,16.000000,N/A,N/A,N/A,N/A,0.001693,0.000027,0.001665,9610.152165,,,,
MicroBench_LocalMem_fp64_4096,,,524288,256,,32.000000,N/A,N/A,N/A,N/A,0.036438,0.076252,0.002326,13757.399439,,,,
MicroBench_LocalMem_int32_4096,,,262144,128,,8.000000,N/A,N/A,N/A,N/A,0.001123,0.000225,0.001000,7997.512774,,,,
MicroBench_LocalMem_fp32_4096,,,262144,128,,8.000000,N/A,N/A,N/A,N/A,0.001032,0.000026,0.001012,7902.686321,,,,
MicroBench_LocalMem_fp64_4096,,,262144,128,,16.000000,N/A,N/A,N/A,N/A,0.038058,0.081925,0.001411,11340.568616,,,,
MicroBench_LocalMem_int32_4096,,,8192,256,,0.000000,N/A,N/A,N/A,N/A,0.000228,0.000056,0.000195,N/A,,,,
MicroBench_LocalMem_fp32_4096,,,8192,256,,0.000000,N/A,N/A,N/A,N/A,0.000208,0.000024,0.000197,N/A,,,,
MicroBench_LocalMem_fp64_4096,,,8192,256,,0.000000,N/A,N/A,N/A,N/A,0.037124,0.082502,0.000220,N/A,,,,
MicroBench_LocalMem_int32_4096,,,32768,512,,1.000000,N/A,N/A,N/A,N/A,0.000352,0.000193,0.000255,3929.257645,,,,
MicroBench_LocalMem_fp32_4096,,,32768,512,,1.000000,N/A,N/A,N/A,N/A,0.000268,0.000024,0.000250,4001.280410,,,,
MicroBench_LocalMem_fp64_4096,,,32768,512,,2.000000,N/A,N/A,N/A,N/A,0.034895,0.077127,0.000382,5229.346044,,,,
MicroBench_LocalMem_int32_4096,,,32768,512,,1.000000,N/A,N/A,N/A,N/A,0.000354,0.000200,0.000256,3912.883560,,,,
MicroBench_LocalMem_fp32_4096,,,32768,512,,1.000000,N/A,N/A,N/A,N/A,0.000270,0.000034,0.000250,4002.113116,,,,
MicroBench_LocalMem_fp64_4096,,,32768,512,,2.000000,N/A,N/A,N/A,N/A,0.035089,0.077544,0.000403,4962.175815,,,,
MicroBench_LocalMem_int32_4096,,,16777216,128,,512.000000,N/A,N/A,N/A,N/A,0.050810,0.000956,0.050242,10190.732293,,,,
MicroBench_LocalMem_fp32_4096,,,16777216,128,,512.000000,N/A,N/A,N/A,N/A,0.050553,0.000081,0.050486,10141.345799,,,,
MicroBench_LocalMem_fp64_4096,,,16777216,128,,1024.000000,N/A,N/A,N/A,N/A,0.112795,0.100010,0.068017,15055.005093,,,,
MicroBench_LocalMem_int32_4096,,,1048576,128,,32.000000,N/A,N/A,N/A,N/A,0.003423,0.000212,0.003321,9636.522420,,,,
MicroBench_LocalMem_fp32_4096,,,1048576,128,,32.000000,N/A,N/A,N/A,N/A,0.003356,0.000031,0.003331,9606.499758,,,,
MicroBench_LocalMem_fp64_4096,,,1048576,128,,64.000000,N/A,N/A,N/A,N/A,0.041231,0.081021,0.004983,12844.289680,,,,
MicroBench_LocalMem_int32_4096,,,2097152,512,,64.000000,N/A,N/A,N/A,N/A,0.006508,0.000142,0.006361,10061.042230,,,,
MicroBench_LocalMem_fp32_4096,,,2097152,512,,64.000000,N/A,N/A,N/A,N/A,0.006459,0.000080,0.006365,10054.752842,,,,
MicroBench_LocalMem_fp64_4096,,,2097152,512,,128.000000,N/A,N/A,N/A,N/A,0.049698,0.090986,0.008984,14247.590849,,,,
MicroBench_LocalMem_int32_4096,,,131072,256,,4.000000,N/A,N/A,N/A,N/A,0.000786,0.000235,0.000673,5941.876563,,,,
MicroBench_LocalMem_fp32_4096,,,131072,256,,4.000000,N/A,N/A,N/A,N/A,0.000686,0.000039,0.000665,6012.406601,,,,
MicroBench_LocalMem_fp64_4096,,,131072,256,,8.000000,N/A,N/A,N/A,N/A,0.039116,0.085338,0.000943,8482.366750,,,,
MicroBench_LocalMem_int32_4096,,,262144,256,,8.000000,N/A,N/A,N/A,N/A,0.001089,0.000196,0.000993,8052.794118,,,,
MicroBench_LocalMem_fp32_4096,,,262144,256,,8.000000,N/A,N/A,N/A,N/A,0.001024,0.000027,0.000999,8007.390822,,,,
MicroBench_LocalMem_fp64_4096,,,262144,256,,16.000000,N/A,N/A,N/A,N/A,0.036437,0.078330,0.001401,11419.118030,,,,
MicroBench_LocalMem_int32_4096,,,16384,128,,0.000000,N/A,N/A,N/A,N/A,0.000288,0.000183,0.000195,N/A,,,,
MicroBench_LocalMem_fp32_4096,,,16384,128,,0.000000,N/A,N/A,N/A,N/A,0.000209,0.000024,0.000197,N/A,,,,
MicroBench_LocalMem_fp64_4096,,,16384,128,,1.000000,N/A,N/A,N/A,N/A,0.035386,0.078613,0.000222,4509.603200,,,,
MicroBench_LocalMem_int32_4096,,,8192,256,,0.000000,N/A,N/A,N/A,N/A,0.000226,0.000046,0.000196,N/A,,,,
MicroBench_LocalMem_fp32_4096,,,8192,256,,0.000000,N/A,N/A,N/A,N/A,0.000207,0.000024,0.000195,N/A,,,,
MicroBench_LocalMem_fp64_4096,,,8192,256,,0.000000,N/A,N/A,N/A,N/A,0.035470,0.078793,0.000221,N/A,,,,
MicroBench_LocalMem_int32_4096,,,65536,128,,2.000000,N/A,N/A,N/A,N/A,0.000427,0.000204,0.000328,6102.770658,,,,
MicroBench_LocalMem_fp32_4096,,,65536,128,,2.000000,N/A,N/A,N/A,N/A,0.000339,0.000028,0.000324,6163.803066,,,,
MicroBench_LocalMem_fp64_4096,,,65536,128,,4.000000,N/A,N/A,N/A,N/A,0.037524,0.082828,0.000474,8440.225270,,,,
MicroBench_LocalMem_int32_4096,,,4194304,256,,128.000000,N/A,N/A,N/A,N/A,0.012801,0.000089,0.012659,10111.753839,,,,
MicroBench_LocalMem_fp32_4096,,,4194304,256,,128.000000,N/A,N/A,N/A,N/A,0.012778,0.000097,0.012701,10078.118012,,,,
MicroBench_LocalMem_fp64_4096,,,4194304,256,,256.000000,N/A,N/A,N/A,N/A,0.048637,0.069978,0.017292,14804.426014,,,,
MicroBench_LocalMem_int32_4096,,,4096,128,,0.000000,N/A,N/A,N/A,N/A,0.000219,0.000050,0.000190,N/A,,,,
MicroBench_LocalMem_fp32_4096,,,4096,128,,0.000000,N/A,N/A,N/A,N/A,0.000207,0.000024,0.000191,N/A,,,,
MicroBench_LocalMem_fp64_4096,,,4096,128,,0.000000,N/A,N/A,N/A,N/A,0.035246,0.078327,0.000211,N/A,,,,
MicroBench_LocalMem_int32_4096,,,65536,512,,2.000000,N/A,N/A,N/A,N/A,0.000431,0.000206,0.000331,6041.182743,,,,
MicroBench_LocalMem_fp32_4096,,,65536,512,,2.000000,N/A,N/A,N/A,N/A,0.000358,0.000023,0.000331,6047.814018,,,,
MicroBench_LocalMem_fp64_4096,,,65536,512,,4.000000,N/A,N/A,N/A,N/A,0.036212,0.079825,0.000495,8078.588509,,,,
MicroBench_LocalMem_int32_4096,,,16384,256,,0.000000,N/A,N/A,N/A,N/A,0.000258,0.000138,0.000191,N/A,,,,
MicroBench_LocalMem_fp32_4096,,,16384,256,,0.000000,N/A,N/A,N/A,N/A,0.000206,0.000021,0.000191,N/A,,,,
MicroBench_LocalMem_fp64_4096,,,16384,256,,1.000000,N/A,N/A,N/A,N/A,0.020544,0.045428,0.000218,4584.359084,,,,
MicroBench_LocalMem_int32_4096,,,4194304,256,,128.000000,N/A,N/A,N/A,N/A,0.012590,0.000069,0.012529,10216.505307,,,,
MicroBench_LocalMem_fp32_4096,,,4194304,256,,128.000000,N/A,N/A,N/A,N/A,0.012716,0.000193,0.012547,10201.697116,,,,
MicroBench_LocalMem_fp64_4096,,,4194304,256,,256.000000,N/A,N/A,N/A,N/A,0.057893,0.090691,0.017219,14867.316748,,,,
MicroBench_LocalMem_int32_4096,,,16777216,512,,512.000000,N/A,N/A,N/A,N/A,0.046655,0.000127,0.046450,11022.521185,,,,
MicroBench_LocalMem_fp32_4096,,,16777216,512,,512.000000,N/A,N/A,N/A,N/A,0.046613,0.000120,0.046516,11007.008648,,,,
MicroBench_LocalMem_fp64_4096,,,16777216,512,,1024.000000,N/A,N/A,N/A,N/A,0.105013,0.083641,0.066791,15331.366527,,,,
MicroBench_LocalMem_int32_4096,,,2097152,128,,64.000000,N/A,N/A,N/A,N/A,0.006724,0.000037,0.006665,9602.283903,,,,
MicroBench_LocalMem_fp32_4096,,,2097152,128,,64.000000,N/A,N/A,N/A,N/A,0.006737,0.000025,0.006713,9533.172461,,,,
MicroBench_LocalMem_fp64_4096,,,2097152,128,,128.000000,N/A,N/A,N/A,N/A,0.052532,0.096824,0.009115,14042.543201,,,,
MicroBench_LocalMem_int32_4096,,,524288,128,,16.000000,N/A,N/A,N/A,N/A,0.001781,0.000185,0.001691,9463.502229,,,,
MicroBench_LocalMem_fp32_4096,,,524288,128,,16.000000,N/A,N/A,N/A,N/A,0.001727,0.000027,0.001707,9371.505819,,,,
MicroBench_LocalMem_fp64_4096,,,524288,128,,32.000000,N/A,N/A,N/A,N/A,0.045608,0.096720,0.002350,13618.441072,,,,
MicroBench_LocalMem_int32_4096,,,8192,512,,0.000000,N/A,N/A,N/A,N/A,0.000228,0.000053,0.000196,N/A,,,,
MicroBench_LocalMem_fp32_4096,,,8192,512,,0.000000,N/A,N/A,N/A,N/A,0.000207,0.000024,0.000194,N/A,,,,
MicroBench_LocalMem_fp64_4096,,,8192,512,,0.000000,N/A,N/A,N/A,N/A,0.034874,0.077470,0.000222,N/A,,,,
MicroBench_LocalMem_int32_4096,,,8388608,128,,256.000000,N/A,N/A,N/A,N/A,0.025559,0.000084,0.025448,10059.813055,,,,
MicroBench_LocalMem_fp32_4096,,,8388608,128,,256.000000,N/A,N/A,N/A,N/A,0.025666,0.000329,0.025470,10051.012422,,,,
MicroBench_LocalMem_fp64_4096,,,8388608,128,,512.000000,N/A,N/A,N/A,N/A,0.075874,0.093075,0.034194,14973.301755,,,,
MicroBench_LocalMem_int32_4096,,,2097152,256,,64.000000,N/A,N/A,N/A,N/A,0.006704,0.000098,0.006607,9686.097786,,,,
MicroBench_LocalMem_fp32_4096,,,2097152,256,,64.000000,N/A,N/A,N/A,N/A,0.006682,0.000049,0.006635,9645.589396,,,,
MicroBench_LocalMem_fp64_4096,,,2097152,256,,128.000000,N/A,N/A,N/A,N/A,0.049598,0.090592,0.009047,14148.638299,,,,
MicroBench_LocalMem_int32_4096,,,524288,512,,16.000000,N/A,N/A,N/A,N/A,0.001762,0.000216,0.001652,9685.904285,,,,
MicroBench_LocalMem_fp32_4096,,,524288,512,,16.000000,N/A,N/A,N/A,N/A,0.001678,0.000040,0.001648,9710.717719,,,,
MicroBench_LocalMem_fp64_4096,,,524288,512,,32.000000,N/A,N/A,N/A,N/A,0.044290,0.093801,0.002334,13711.631534,,,,
MicroBench_LocalMem_int32_4096,,,524288,512,,16.000000,N/A,N/A,N/A,N/A,0.001751,0.000209,0.001649,9703.297423,,,,
MicroBench_LocalMem_fp32_4096,,,524288,512,,16.000000,N/A,N/A,N/A,N/A,0.001677,0.000022,0.001655,9667.475109,,,,
MicroBench_LocalMem_fp64_4096,,,524288,512,,32.000000,N/A,N/A,N/A,N/A,0.038661,0.081208,0.002333,13716.256936,,,,
MicroBench_LocalMem_int32_4096,,,32768,128,,1.000000,N/A,N/A,N/A,N/A,0.000342,0.000192,0.000251,3989.547386,,,,
MicroBench_LocalMem_fp32_4096,,,32768,128,,1.000000,N/A,N/A,N/A,N/A,0.000268,0.000034,0.000249,4009.124768,,,,
MicroBench_LocalMem_fp64_4096,,,32768,128,,2.000000,N/A,N/A,N/A,N/A,0.035452,0.078454,0.000360,5556.296395,,,,
MicroBench_LocalMem_int32_4096,,,524288,128,,16.000000,N/A,N/A,N/A,N/A,0.001813,0.000220,0.001702,9401.771176,,,,
MicroBench_LocalMem_fp32_4096,,,524288,128,,16.000000,N/A,N/A,N/A,N/A,0.001725,0.000025,0.001708,9368.707230,,,,
MicroBench_LocalMem_fp64_4096,,,524288,128,,32.000000,N/A,N/A,N/A,N/A,0.039474,0.082243,0.002347,13636.768478,,,,
MicroBench_LocalMem_int32_4096,,,16777216,512,,512.000000,N/A,N/A,N/A,N/A,0.047283,0.001159,0.046605,10985.913420,,,,
MicroBench_LocalMem_fp32_4096,,,16777216,512,,512.000000,N/A,N/A,N/A,N/A,0.046732,0.000247,0.046495,11011.934162,,,,
MicroBench_LocalMem_fp64_4096,,,16777216,512,,1024.000000,N/A,N/A,N/A,N/A,0.115200,0.102416,0.066827,15323.110684,,,,
MicroBench_LocalMem_int32_4096,,,2097152,128,,64.000000,N/A,N/A,N/A,N/A,0.006773,0.000037,0.006747,9485.837940,,,,
MicroBench_LocalMem_fp32_4096,,,2097152,128,,64.000000,N/A,N/A,N/A,N/A,0.006746,0.000039,0.006697,9556.489304,,,,
MicroBench_LocalMem_fp64_4096,,,2097152,128,,128.000000,N/A,N/A,N/A,N/A,0.051591,0.094891,0.009109,14051.522762,,,,
MicroBench_LocalMem_int32_4096,,,2097152,512,,64.000000,N/A,N/A,N/A,N/A,0.006480,0.000068,0.006398,10003.404284,,,,
MicroBench_LocalMem_fp32_4096,,,2097152,512,,64.000000,N/A,N/A,N/A,N/A,0.006410,0.000015,0.006388,10019.012642,,,,
MicroBench_LocalMem_fp64_4096,,,2097152,512,,128.000000,N/A,N/A,N/A,N/A,0.040765,0.070938,0.008990,14237.784120,,,,
MicroBench_LocalMem_int32_4096,,,4096,128,,0.000000,N/A,N/A,N/A,N/A,0.000226,0.000059,0.000191,N/A,,,,
MicroBench_LocalMem_fp32_4096,,,4096,128,,0.000000,N/A,N/A,N/A,N/A,0.000210,0.000037,0.000191,N/A,,,,
MicroBench_LocalMem_fp64_4096,,,4096,128,,0.000000,N/A,N/A,N/A,N/A,0.037653,0.083698,0.000210,N/A,,,,
MicroBench_LocalMem_int32_4096,,,524288,256,,16.000000,N/A,N/A,N/A,N/A,0.001786,0.000211,0.001684,9499.196427,,,,
MicroBench_LocalMem_fp32_4096,,,524288,256,,16.000000,N/A,N/A,N/A,N/A,0.001707,0.000027,0.001683,9508.488406,,,,
MicroBench_LocalMem_fp64_4096,,,524288,256,,32.000000,N/A,N/A,N/A,N/A,0.044244,0.093696,0.002339,13681.118773,,,,
MicroBench_LocalMem_int32_4096,,,2097152,128,,64.000000,N/A,N/A,N/A,N/A,0.006734,0.000071,0.006668,9598.733927,,,,
MicroBench_LocalMem_fp32_4096,,,2097152,128,,64.000000,N/A,N/A,N/A,N/A,0.006681,0.000033,0.006643,9634.713391,,,,
MicroBench_LocalMem_fp64_4096,,,2097152,128,,128.000000,N/A,N/A,N/A,N/A,0.043265,0.076133,0.009189,13929.645496,,,,
MicroBench_LocalMem_int32_4096,,,1048576,512,,32.000000,N/A,N/A,N/A,N/A,0.003327,0.000185,0.003207,9977.578510,,,,
MicroBench_LocalMem_fp32_4096,,,1048576,512,,32.000000,N/A,N/A,N/A,N/A,0.003234,0.000015,0.003210,9967.633226,,,,
MicroBench_LocalMem_fp64_4096,,,1048576,512,,64.000000,N/A,N/A,N/A,N/A,0.038662,0.075535,0.004850,13196.126607,,,,
